=== Scaling API to 1 replica(s) ===
Stopping and removing coffeebeans_api_2 ... 
Stopping and removing coffeebeans_api_3 ... 
Stopping and removing coffeebeans_api_2 ... done
Stopping and removing coffeebeans_api_3 ... done
coffeebeans_ui_1 is up-to-date
coffeebeans_nginx_1 is up-to-date
Waiting for containers to warm up...
=== Running load test with 1 replica(s) ===
[2026-07-28 10:05:36,660] Treasure-dell/INFO/locust.main: Starting Locust 2.32.5
[2026-07-28 10:05:36,662] Treasure-dell/INFO/locust.main: Run time limit set to 120 seconds
Type     Name                                                                          # reqs      # fails |    Avg     Min     Max    Med |   req/s  failures/s
--------|----------------------------------------------------------------------------|-------|-------------|-------|-------|-------|-------|--------|-----------
--------|----------------------------------------------------------------------------|-------|-------------|-------|-------|-------|-------|--------|-----------
         Aggregated                                                                         0     0(0.00%) |      0       0       0      0 |    0.00        0.00

[2026-07-28 10:05:36,663] Treasure-dell/INFO/locust.runners: Ramping to 50 users at a rate of 5.00 per second
Type     Name                                                                          # reqs      # fails |    Avg     Min     Max    Med |   req/s  failures/s
--------|----------------------------------------------------------------------------|-------|-------------|-------|-------|-------|-------|--------|-----------
--------|----------------------------------------------------------------------------|-------|-------------|-------|-------|-------|-------|--------|-----------
         Aggregated                                                                         0     0(0.00%) |      0       0       0      0 |    0.00        0.00

Type     Name                                                                          # reqs      # fails |    Avg     Min     Max    Med |   req/s  failures/s
--------|----------------------------------------------------------------------------|-------|-------------|-------|-------|-------|-------|--------|-----------
POST     /api/predict                                                                      14     0(0.00%) |   1910    1288    2643   1800 |    0.00        0.00
GET      /api/status                                                                        2     0(0.00%) |   2478    2421    2534   2421 |    0.00        0.00
--------|----------------------------------------------------------------------------|-------|-------------|-------|-------|-------|-------|--------|-----------
         Aggregated                                                                        16     0(0.00%) |   1981    1288    2643   2000 |    0.00        0.00

Type     Name                                                                          # reqs      # fails |    Avg     Min     Max    Med |   req/s  failures/s
--------|----------------------------------------------------------------------------|-------|-------------|-------|-------|-------|-------|--------|-----------
POST     /api/predict                                                                      32     0(0.00%) |   1629    1133    2643   1500 |    2.25        0.00
GET      /api/status                                                                        8     0(0.00%) |   1854    1422    2534   1700 |    0.00        0.00
--------|----------------------------------------------------------------------------|-------|-------------|-------|-------|-------|-------|--------|-----------
         Aggregated                                                                        40     0(0.00%) |   1674    1133    2643   1600 |    2.25        0.00

Type     Name                                                                          # reqs      # fails |    Avg     Min     Max    Med |   req/s  failures/s
--------|----------------------------------------------------------------------------|-------|-------------|-------|-------|-------|-------|--------|-----------
POST     /api/predict                                                                      50     0(0.00%) |   1881    1133    2982   1900 |    4.33        0.00
GET      /api/status                                                                        8     0(0.00%) |   1854    1422    2534   1700 |    1.33        0.00
--------|----------------------------------------------------------------------------|-------|-------------|-------|-------|-------|-------|--------|-----------
         Aggregated                                                                        58     0(0.00%) |   1878    1133    2982   1800 |    5.67        0.00

[2026-07-28 10:05:45,676] Treasure-dell/INFO/locust.runners: All users spawned: {"CoffeeBeanUser": 50} (50 total users)
Type     Name                                                                          # reqs      # fails |    Avg     Min     Max    Med |   req/s  failures/s
--------|----------------------------------------------------------------------------|-------|-------------|-------|-------|-------|-------|--------|-----------
POST     /api/predict                                                                      67     0(0.00%) |   2212    1133    3460   2100 |    5.50        0.00
GET      /api/status                                                                       10     0(0.00%) |   2207    1422    3778   1800 |    1.00        0.00
--------|----------------------------------------------------------------------------|-------|-------------|-------|-------|-------|-------|--------|-----------
         Aggregated                                                                        77     0(0.00%) |   2211    1133    3778   2100 |    6.50        0.00

Type     Name                                                                          # reqs      # fails |    Avg     Min     Max    Med |   req/s  failures/s
--------|----------------------------------------------------------------------------|-------|-------------|-------|-------|-------|-------|--------|-----------
POST     /api/predict                                                                      84     0(0.00%) |   2503    1133    3946   2400 |    6.10        0.00
GET      /api/status                                                                       14     0(0.00%) |   2679    1422    4199   2400 |    0.90        0.00
--------|----------------------------------------------------------------------------|-------|-------------|-------|-------|-------|-------|--------|-----------
         Aggregated                                                                        98     0(0.00%) |   2528    1133    4199   2400 |    7.00        0.00

Type     Name                                                                          # reqs      # fails |    Avg     Min     Max    Med |   req/s  failures/s
--------|----------------------------------------------------------------------------|-------|-------------|-------|-------|-------|-------|--------|-----------
POST     /api/predict                                                                     101     0(0.00%) |   2814    1133    4889   3000 |    7.80        0.00
GET      /api/status                                                                       14     0(0.00%) |   2679    1422    4199   2400 |    1.20        0.00
--------|----------------------------------------------------------------------------|-------|-------------|-------|-------|-------|-------|--------|-----------
         Aggregated                                                                       115     0(0.00%) |   2798    1133    4889   2900 |    9.00        0.00

Type     Name                                                                          # reqs      # fails |    Avg     Min     Max    Med |   req/s  failures/s
--------|----------------------------------------------------------------------------|-------|-------------|-------|-------|-------|-------|--------|-----------
POST     /api/predict                                                                     119     0(0.00%) |   3130    1133    5248   3200 |    8.60        0.00
GET      /api/status                                                                       15     0(0.00%) |   2852    1422    5271   2500 |    1.40        0.00
--------|----------------------------------------------------------------------------|-------|-------------|-------|-------|-------|-------|--------|-----------
         Aggregated                                                                       134     0(0.00%) |   3099    1133    5271   3100 |   10.00        0.00

Type     Name                                                                          # reqs      # fails |    Avg     Min     Max    Med |   req/s  failures/s
--------|----------------------------------------------------------------------------|-------|-------------|-------|-------|-------|-------|--------|-----------
POST     /api/predict                                                                     134     0(0.00%) |   3388    1133    5724   3400 |    8.80        0.00
GET      /api/status                                                                       15     0(0.00%) |   2852    1422    5271   2500 |    0.60        0.00
--------|----------------------------------------------------------------------------|-------|-------------|-------|-------|-------|-------|--------|-----------
         Aggregated                                                                       149     0(0.00%) |   3334    1133    5724   3400 |    9.40        0.00

Type     Name                                                                          # reqs      # fails |    Avg     Min     Max    Med |   req/s  failures/s
--------|----------------------------------------------------------------------------|-------|-------------|-------|-------|-------|-------|--------|-----------
POST     /api/predict                                                                     152     0(0.00%) |   3626    1133    5724   3700 |    8.30        0.00
GET      /api/status                                                                       17     0(0.00%) |   3220    1422    6139   3500 |    0.70        0.00
--------|----------------------------------------------------------------------------|-------|-------------|-------|-------|-------|-------|--------|-----------
         Aggregated                                                                       169     0(0.00%) |   3585    1133    6139   3700 |    9.00        0.00

Type     Name                                                                          # reqs      # fails |    Avg     Min     Max    Med |   req/s  failures/s
--------|----------------------------------------------------------------------------|-------|-------------|-------|-------|-------|-------|--------|-----------
POST     /api/predict                                                                     170     0(0.00%) |   3810    1133    5724   4100 |    8.50        0.00
GET      /api/status                                                                       17     0(0.00%) |   3220    1422    6139   3500 |    0.80        0.00
--------|----------------------------------------------------------------------------|-------|-------------|-------|-------|-------|-------|--------|-----------
         Aggregated                                                                       187     0(0.00%) |   3757    1133    6139   3900 |    9.30        0.00

Type     Name                                                                          # reqs      # fails |    Avg     Min     Max    Med |   req/s  failures/s
--------|----------------------------------------------------------------------------|-------|-------------|-------|-------|-------|-------|--------|-----------
POST     /api/predict                                                                     187     0(0.00%) |   3921    1133    5724   4300 |    8.60        0.00
GET      /api/status                                                                       18     0(0.00%) |   3337    1422    6139   3500 |    0.50        0.00
--------|----------------------------------------------------------------------------|-------|-------------|-------|-------|-------|-------|--------|-----------
         Aggregated                                                                       205     0(0.00%) |   3869    1133    6139   4200 |    9.10        0.00

Type     Name                                                                          # reqs      # fails |    Avg     Min     Max    Med |   req/s  failures/s
--------|----------------------------------------------------------------------------|-------|-------------|-------|-------|-------|-------|--------|-----------
POST     /api/predict                                                                     205     0(0.00%) |   4003    1133    5724   4700 |    8.60        0.00
GET      /api/status                                                                       24     0(0.00%) |   3815    1422    6139   3800 |    0.30        0.00
--------|----------------------------------------------------------------------------|-------|-------------|-------|-------|-------|-------|--------|-----------
         Aggregated                                                                       229     0(0.00%) |   3984    1133    6139   4600 |    8.90        0.00

Type     Name                                                                          # reqs      # fails |    Avg     Min     Max    Med |   req/s  failures/s
--------|----------------------------------------------------------------------------|-------|-------------|-------|-------|-------|-------|--------|-----------
POST     /api/predict                                                                     221     0(0.00%) |   4036    1133    5724   4600 |    8.50        0.00
GET      /api/status                                                                       27     0(0.00%) |   3939    1422    6139   4200 |    0.60        0.00
--------|----------------------------------------------------------------------------|-------|-------------|-------|-------|-------|-------|--------|-----------
         Aggregated                                                                       248     0(0.00%) |   4025    1133    6139   4500 |    9.10        0.00

Type     Name                                                                          # reqs      # fails |    Avg     Min     Max    Med |   req/s  failures/s
--------|----------------------------------------------------------------------------|-------|-------------|-------|-------|-------|-------|--------|-----------
POST     /api/predict                                                                     239     0(0.00%) |   4065    1133    5724   4500 |    8.90        0.00
GET      /api/status                                                                       28     0(0.00%) |   3962    1422    6139   4200 |    1.00        0.00
--------|----------------------------------------------------------------------------|-------|-------------|-------|-------|-------|-------|--------|-----------
         Aggregated                                                                       267     0(0.00%) |   4054    1133    6139   4500 |    9.90        0.00

Type     Name                                                                          # reqs      # fails |    Avg     Min     Max    Med |   req/s  failures/s
--------|----------------------------------------------------------------------------|-------|-------------|-------|-------|-------|-------|--------|-----------
POST     /api/predict                                                                     257     0(0.00%) |   4108    1133    5724   4500 |    8.70        0.00
GET      /api/status                                                                       29     0(0.00%) |   3990    1422    6139   4600 |    1.10        0.00
--------|----------------------------------------------------------------------------|-------|-------------|-------|-------|-------|-------|--------|-----------
         Aggregated                                                                       286     0(0.00%) |   4096    1133    6139   4500 |    9.80        0.00

Type     Name                                                                          # reqs      # fails |    Avg     Min     Max    Med |   req/s  failures/s
--------|----------------------------------------------------------------------------|-------|-------------|-------|-------|-------|-------|--------|-----------
POST     /api/predict                                                                     274     0(0.00%) |   4154    1133    5724   4600 |    8.70        0.00
GET      /api/status                                                                       35     0(0.00%) |   4195    1422    6139   4900 |    1.20        0.00
--------|----------------------------------------------------------------------------|-------|-------------|-------|-------|-------|-------|--------|-----------
         Aggregated                                                                       309     0(0.00%) |   4158    1133    6139   4600 |    9.90        0.00

Type     Name                                                                          # reqs      # fails |    Avg     Min     Max    Med |   req/s  failures/s
--------|----------------------------------------------------------------------------|-------|-------------|-------|-------|-------|-------|--------|-----------
POST     /api/predict                                                                     293     0(0.00%) |   4176    1133    5724   4600 |    8.70        0.00
GET      /api/status                                                                       37     0(0.00%) |   4235    1422    6139   4900 |    1.20        0.00
--------|----------------------------------------------------------------------------|-------|-------------|-------|-------|-------|-------|--------|-----------
         Aggregated                                                                       330     0(0.00%) |   4183    1133    6139   4600 |    9.90        0.00

Type     Name                                                                          # reqs      # fails |    Avg     Min     Max    Med |   req/s  failures/s
--------|----------------------------------------------------------------------------|-------|-------------|-------|-------|-------|-------|--------|-----------
POST     /api/predict                                                                     311     0(0.00%) |   4188    1133    5724   4500 |    8.70        0.00
GET      /api/status                                                                       37     0(0.00%) |   4235    1422    6139   4900 |    1.60        0.00
--------|----------------------------------------------------------------------------|-------|-------------|-------|-------|-------|-------|--------|-----------
         Aggregated                                                                       348     0(0.00%) |   4193    1133    6139   4500 |   10.30        0.00

Type     Name                                                                          # reqs      # fails |    Avg     Min     Max    Med |   req/s  failures/s
--------|----------------------------------------------------------------------------|-------|-------------|-------|-------|-------|-------|--------|-----------
POST     /api/predict                                                                     329     0(0.00%) |   4215    1133    5724   4500 |    8.90        0.00
GET      /api/status                                                                       38     0(0.00%) |   4245    1422    6139   4900 |    1.20        0.00
--------|----------------------------------------------------------------------------|-------|-------------|-------|-------|-------|-------|--------|-----------
         Aggregated                                                                       367     0(0.00%) |   4218    1133    6139   4600 |   10.10        0.00

Type     Name                                                                          # reqs      # fails |    Avg     Min     Max    Med |   req/s  failures/s
--------|----------------------------------------------------------------------------|-------|-------------|-------|-------|-------|-------|--------|-----------
POST     /api/predict                                                                     346     0(0.00%) |   4253    1133    5724   4600 |    9.00        0.00
GET      /api/status                                                                       39     0(0.00%) |   4270    1422    6139   4900 |    1.00        0.00
--------|----------------------------------------------------------------------------|-------|-------------|-------|-------|-------|-------|--------|-----------
         Aggregated                                                                       385     0(0.00%) |   4254    1133    6139   4600 |   10.00        0.00

Type     Name                                                                          # reqs      # fails |    Avg     Min     Max    Med |   req/s  failures/s
--------|----------------------------------------------------------------------------|-------|-------------|-------|-------|-------|-------|--------|-----------
POST     /api/predict                                                                     363     0(0.00%) |   4290    1133    5724   4600 |    8.90        0.00
GET      /api/status                                                                       41     0(0.00%) |   4329    1422    6139   4900 |    1.00        0.00
--------|----------------------------------------------------------------------------|-------|-------------|-------|-------|-------|-------|--------|-----------
         Aggregated                                                                       404     0(0.00%) |   4294    1133    6139   4600 |    9.90        0.00

Type     Name                                                                          # reqs      # fails |    Avg     Min     Max    Med |   req/s  failures/s
--------|----------------------------------------------------------------------------|-------|-------------|-------|-------|-------|-------|--------|-----------
POST     /api/predict                                                                     381     0(0.00%) |   4323    1133    5724   4600 |    8.90        0.00
GET      /api/status                                                                       45     0(0.00%) |   4416    1422    6139   5000 |    1.20        0.00
--------|----------------------------------------------------------------------------|-------|-------------|-------|-------|-------|-------|--------|-----------
         Aggregated                                                                       426     0(0.00%) |   4332    1133    6139   4700 |   10.10        0.00

Type     Name                                                                          # reqs      # fails |    Avg     Min     Max    Med |   req/s  failures/s
--------|----------------------------------------------------------------------------|-------|-------------|-------|-------|-------|-------|--------|-----------
POST     /api/predict                                                                     398     0(0.00%) |   4342    1133    5724   4700 |    8.90        0.00
GET      /api/status                                                                       46     0(0.00%) |   4432    1422    6139   5000 |    0.80        0.00
--------|----------------------------------------------------------------------------|-------|-------------|-------|-------|-------|-------|--------|-----------
         Aggregated                                                                       444     0(0.00%) |   4352    1133    6139   4700 |    9.70        0.00

Type     Name                                                                          # reqs      # fails |    Avg     Min     Max    Med |   req/s  failures/s
--------|----------------------------------------------------------------------------|-------|-------------|-------|-------|-------|-------|--------|-----------
POST     /api/predict                                                                     415     0(0.00%) |   4353    1133    5724   4700 |    8.70        0.00
GET      /api/status                                                                       50     0(0.00%) |   4481    1422    6139   5000 |    0.90        0.00
--------|----------------------------------------------------------------------------|-------|-------------|-------|-------|-------|-------|--------|-----------
         Aggregated                                                                       465     0(0.00%) |   4366    1133    6139   4700 |    9.60        0.00

Type     Name                                                                          # reqs      # fails |    Avg     Min     Max    Med |   req/s  failures/s
--------|----------------------------------------------------------------------------|-------|-------------|-------|-------|-------|-------|--------|-----------
POST     /api/predict                                                                     433     0(0.00%) |   4368    1133    5724   4700 |    8.60        0.00
GET      /api/status                                                                       51     0(0.00%) |   4494    1422    6139   5000 |    1.00        0.00
--------|----------------------------------------------------------------------------|-------|-------------|-------|-------|-------|-------|--------|-----------
         Aggregated                                                                       484     0(0.00%) |   4381    1133    6139   4700 |    9.60        0.00

Type     Name                                                                          # reqs      # fails |    Avg     Min     Max    Med |   req/s  failures/s
--------|----------------------------------------------------------------------------|-------|-------------|-------|-------|-------|-------|--------|-----------
POST     /api/predict                                                                     450     0(0.00%) |   4379    1133    5724   4700 |    8.70        0.00
GET      /api/status                                                                       55     0(0.00%) |   4530    1422    6139   5000 |    1.20        0.00
--------|----------------------------------------------------------------------------|-------|-------------|-------|-------|-------|-------|--------|-----------
         Aggregated                                                                       505     0(0.00%) |   4395    1133    6139   4700 |    9.90        0.00

Type     Name                                                                          # reqs      # fails |    Avg     Min     Max    Med |   req/s  failures/s
--------|----------------------------------------------------------------------------|-------|-------------|-------|-------|-------|-------|--------|-----------
POST     /api/predict                                                                     467     0(0.00%) |   4392    1133    5724   4700 |    8.70        0.00
GET      /api/status                                                                       56     0(0.00%) |   4542    1422    6139   5000 |    1.20        0.00
--------|----------------------------------------------------------------------------|-------|-------------|-------|-------|-------|-------|--------|-----------
         Aggregated                                                                       523     0(0.00%) |   4408    1133    6139   4700 |    9.90        0.00

Type     Name                                                                          # reqs      # fails |    Avg     Min     Max    Med |   req/s  failures/s
--------|----------------------------------------------------------------------------|-------|-------------|-------|-------|-------|-------|--------|-----------
POST     /api/predict                                                                     484     0(0.00%) |   4407    1133    5724   4700 |    8.60        0.00
GET      /api/status                                                                       58     0(0.00%) |   4565    1422    6139   5100 |    1.20        0.00
--------|----------------------------------------------------------------------------|-------|-------------|-------|-------|-------|-------|--------|-----------
         Aggregated                                                                       542     0(0.00%) |   4424    1133    6139   4700 |    9.80        0.00

Type     Name                                                                          # reqs      # fails |    Avg     Min     Max    Med |   req/s  failures/s
--------|----------------------------------------------------------------------------|-------|-------------|-------|-------|-------|-------|--------|-----------
POST     /api/predict                                                                     500     0(0.00%) |   4411    1133    5724   4700 |    8.50        0.00
GET      /api/status                                                                       66     0(0.00%) |   4612    1422    6139   5000 |    1.00        0.00
--------|----------------------------------------------------------------------------|-------|-------------|-------|-------|-------|-------|--------|-----------
         Aggregated                                                                       566     0(0.00%) |   4435    1133    6139   4700 |    9.50        0.00

Type     Name                                                                          # reqs      # fails |    Avg     Min     Max    Med |   req/s  failures/s
--------|----------------------------------------------------------------------------|-------|-------------|-------|-------|-------|-------|--------|-----------
POST     /api/predict                                                                     518     0(0.00%) |   4414    1133    5724   4700 |    8.50        0.00
GET      /api/status                                                                       66     0(0.00%) |   4612    1422    6139   5000 |    1.60        0.00
--------|----------------------------------------------------------------------------|-------|-------------|-------|-------|-------|-------|--------|-----------
         Aggregated                                                                       584     0(0.00%) |   4436    1133    6139   4700 |   10.10        0.00

Type     Name                                                                          # reqs      # fails |    Avg     Min     Max    Med |   req/s  failures/s
--------|----------------------------------------------------------------------------|-------|-------------|-------|-------|-------|-------|--------|-----------
POST     /api/predict                                                                     534     0(0.00%) |   4421    1133    5724   4700 |    8.50        0.00
GET      /api/status                                                                       67     0(0.00%) |   4619    1422    6139   5000 |    1.50        0.00
--------|----------------------------------------------------------------------------|-------|-------------|-------|-------|-------|-------|--------|-----------
         Aggregated                                                                       601     0(0.00%) |   4443    1133    6139   4700 |   10.00        0.00

Type     Name                                                                          # reqs      # fails |    Avg     Min     Max    Med |   req/s  failures/s
--------|----------------------------------------------------------------------------|-------|-------------|-------|-------|-------|-------|--------|-----------
POST     /api/predict                                                                     551     0(0.00%) |   4443    1133    5724   4700 |    8.50        0.00
GET      /api/status                                                                       68     0(0.00%) |   4628    1422    6139   5000 |    1.30        0.00
--------|----------------------------------------------------------------------------|-------|-------------|-------|-------|-------|-------|--------|-----------
         Aggregated                                                                       619     0(0.00%) |   4463    1133    6139   4700 |    9.80        0.00

Type     Name                                                                          # reqs      # fails |    Avg     Min     Max    Med |   req/s  failures/s
--------|----------------------------------------------------------------------------|-------|-------------|-------|-------|-------|-------|--------|-----------
POST     /api/predict                                                                     554     0(0.00%) |   4448    1133    5724   4700 |    8.50        0.00
GET      /api/status                                                                       68     0(0.00%) |   4628    1422    6139   5000 |    1.30        0.00
--------|----------------------------------------------------------------------------|-------|-------------|-------|-------|-------|-------|--------|-----------
         Aggregated                                                                       622     0(0.00%) |   4468    1133    6139   4700 |    9.80        0.00

Type     Name                                                                          # reqs      # fails |    Avg     Min     Max    Med |   req/s  failures/s
--------|----------------------------------------------------------------------------|-------|-------------|-------|-------|-------|-------|--------|-----------
POST     /api/predict                                                                     554     0(0.00%) |   4448    1133    5724   4700 |    8.50        0.00
GET      /api/status                                                                       68     0(0.00%) |   4628    1422    6139   5000 |    1.30        0.00
--------|----------------------------------------------------------------------------|-------|-------------|-------|-------|-------|-------|--------|-----------
         Aggregated                                                                       622     0(0.00%) |   4468    1133    6139   4700 |    9.80        0.00

Type     Name                                                                          # reqs      # fails |    Avg     Min     Max    Med |   req/s  failures/s
--------|----------------------------------------------------------------------------|-------|-------------|-------|-------|-------|-------|--------|-----------
POST     /api/predict                                                                     554     0(0.00%) |   4448    1133    5724   4700 |    8.50        0.00
GET      /api/status                                                                       68     0(0.00%) |   4628    1422    6139   5000 |    1.30        0.00
--------|----------------------------------------------------------------------------|-------|-------------|-------|-------|-------|-------|--------|-----------
         Aggregated                                                                       622     0(0.00%) |   4468    1133    6139   4700 |    9.80        0.00

Type     Name                                                                          # reqs      # fails |    Avg     Min     Max    Med |   req/s  failures/s
--------|----------------------------------------------------------------------------|-------|-------------|-------|-------|-------|-------|--------|-----------
POST     /api/predict                                                                     561     0(0.00%) |   4545    1133   12273   4700 |    4.20        0.00
GET      /api/status                                                                       68     0(0.00%) |   4628    1422    6139   5000 |    0.20        0.00
--------|----------------------------------------------------------------------------|-------|-------------|-------|-------|-------|-------|--------|-----------
         Aggregated                                                                       629     0(0.00%) |   4554    1133   12273   4700 |    4.40        0.00

Type     Name                                                                          # reqs      # fails |    Avg     Min     Max    Med |   req/s  failures/s
--------|----------------------------------------------------------------------------|-------|-------------|-------|-------|-------|-------|--------|-----------
POST     /api/predict                                                                     565     0(0.00%) |   4609    1133   13880   4700 |    2.70        0.00
GET      /api/status                                                                       68     0(0.00%) |   4628    1422    6139   5000 |    0.20        0.00
--------|----------------------------------------------------------------------------|-------|-------------|-------|-------|-------|-------|--------|-----------
         Aggregated                                                                       633     0(0.00%) |   4611    1133   13880   4700 |    2.90        0.00

Type     Name                                                                          # reqs      # fails |    Avg     Min     Max    Med |   req/s  failures/s
--------|----------------------------------------------------------------------------|-------|-------------|-------|-------|-------|-------|--------|-----------
POST     /api/predict                                                                     573     0(0.00%) |   4739    1133   14188   4700 |    1.70        0.00
GET      /api/status                                                                       69     0(0.00%) |   4770    1422   14433   5000 |    0.00        0.00
--------|----------------------------------------------------------------------------|-------|-------------|-------|-------|-------|-------|--------|-----------
         Aggregated                                                                       642     0(0.00%) |   4742    1133   14433   4700 |    1.70        0.00

Type     Name                                                                          # reqs      # fails |    Avg     Min     Max    Med |   req/s  failures/s
--------|----------------------------------------------------------------------------|-------|-------------|-------|-------|-------|-------|--------|-----------
POST     /api/predict                                                                     579     0(0.00%) |   4849    1133   15971   4700 |    1.80        0.00
GET      /api/status                                                                       69     0(0.00%) |   4770    1422   14433   5000 |    0.10        0.00
--------|----------------------------------------------------------------------------|-------|-------------|-------|-------|-------|-------|--------|-----------
         Aggregated                                                                       648     0(0.00%) |   4840    1133   15971   4800 |    1.90        0.00

Type     Name                                                                          # reqs      # fails |    Avg     Min     Max    Med |   req/s  failures/s
--------|----------------------------------------------------------------------------|-------|-------------|-------|-------|-------|-------|--------|-----------
POST     /api/predict                                                                     589     0(0.00%) |   5051    1133   16985   4700 |    2.30        0.00
GET      /api/status                                                                       70     0(0.00%) |   4944    1422   16978   5000 |    0.10        0.00
--------|----------------------------------------------------------------------------|-------|-------------|-------|-------|-------|-------|--------|-----------
         Aggregated                                                                       659     0(0.00%) |   5040    1133   16985   4800 |    2.40        0.00

Type     Name                                                                          # reqs      # fails |    Avg     Min     Max    Med |   req/s  failures/s
--------|----------------------------------------------------------------------------|-------|-------------|-------|-------|-------|-------|--------|-----------
POST     /api/predict                                                                     604     0(0.00%) |   5284    1133   16985   4700 |    2.90        0.00
GET      /api/status                                                                       73     0(0.00%) |   5446    1422   17247   5100 |    0.20        0.00
--------|----------------------------------------------------------------------------|-------|-------------|-------|-------|-------|-------|--------|-----------
         Aggregated                                                                       677     0(0.00%) |   5302    1133   17247   4800 |    3.10        0.00

Type     Name                                                                          # reqs      # fails |    Avg     Min     Max    Med |   req/s  failures/s
--------|----------------------------------------------------------------------------|-------|-------------|-------|-------|-------|-------|--------|-----------
POST     /api/predict                                                                     617     0(0.00%) |   5357    1133   16985   4800 |    4.30        0.00
GET      /api/status                                                                       74     0(0.00%) |   5511    1422   17247   5100 |    0.40        0.00
--------|----------------------------------------------------------------------------|-------|-------------|-------|-------|-------|-------|--------|-----------
         Aggregated                                                                       691     0(0.00%) |   5373    1133   17247   4800 |    4.70        0.00

Type     Name                                                                          # reqs      # fails |    Avg     Min     Max    Med |   req/s  failures/s
--------|----------------------------------------------------------------------------|-------|-------------|-------|-------|-------|-------|--------|-----------
POST     /api/predict                                                                     630     0(0.00%) |   5381    1133   16985   4800 |    4.90        0.00
GET      /api/status                                                                       76     0(0.00%) |   5543    1422   17247   5100 |    0.60        0.00
--------|----------------------------------------------------------------------------|-------|-------------|-------|-------|-------|-------|--------|-----------
         Aggregated                                                                       706     0(0.00%) |   5399    1133   17247   4800 |    5.50        0.00

Type     Name                                                                          # reqs      # fails |    Avg     Min     Max    Med |   req/s  failures/s
--------|----------------------------------------------------------------------------|-------|-------------|-------|-------|-------|-------|--------|-----------
POST     /api/predict                                                                     633     0(0.00%) |   5385    1133   16985   4800 |    5.40        0.00
GET      /api/status                                                                       76     0(0.00%) |   5543    1422   17247   5100 |    0.60        0.00
--------|----------------------------------------------------------------------------|-------|-------------|-------|-------|-------|-------|--------|-----------
         Aggregated                                                                       709     0(0.00%) |   5402    1133   17247   4800 |    6.00        0.00

Type     Name                                                                          # reqs      # fails |    Avg     Min     Max    Med |   req/s  failures/s
--------|----------------------------------------------------------------------------|-------|-------------|-------|-------|-------|-------|--------|-----------
POST     /api/predict                                                                     649     0(0.00%) |   5445    1133   16985   4800 |    5.60        0.00
GET      /api/status                                                                       77     0(0.00%) |   5577    1422   17247   5100 |    0.70        0.00
--------|----------------------------------------------------------------------------|-------|-------------|-------|-------|-------|-------|--------|-----------
         Aggregated                                                                       726     0(0.00%) |   5459    1133   17247   4800 |    6.30        0.00

Type     Name                                                                          # reqs      # fails |    Avg     Min     Max    Med |   req/s  failures/s
--------|----------------------------------------------------------------------------|-------|-------------|-------|-------|-------|-------|--------|-----------
POST     /api/predict                                                                     666     0(0.00%) |   5499    1133   16985   4800 |    6.00        0.00
GET      /api/status                                                                       78     0(0.00%) |   5604    1422   17247   5100 |    0.70        0.00
--------|----------------------------------------------------------------------------|-------|-------------|-------|-------|-------|-------|--------|-----------
         Aggregated                                                                       744     0(0.00%) |   5510    1133   17247   4800 |    6.70        0.00

Type     Name                                                                          # reqs      # fails |    Avg     Min     Max    Med |   req/s  failures/s
--------|----------------------------------------------------------------------------|-------|-------------|-------|-------|-------|-------|--------|-----------
POST     /api/predict                                                                     683     0(0.00%) |   5534    1133   16985   4800 |    6.10        0.00
GET      /api/status                                                                       79     0(0.00%) |   5632    1422   17247   5100 |    0.50        0.00
--------|----------------------------------------------------------------------------|-------|-------------|-------|-------|-------|-------|--------|-----------
         Aggregated                                                                       762     0(0.00%) |   5544    1133   17247   4800 |    6.60        0.00

Type     Name                                                                          # reqs      # fails |    Avg     Min     Max    Med |   req/s  failures/s
--------|----------------------------------------------------------------------------|-------|-------------|-------|-------|-------|-------|--------|-----------
POST     /api/predict                                                                     701     0(0.00%) |   5522    1133   16985   4800 |    6.60        0.00
GET      /api/status                                                                       81     0(0.00%) |   5632    1422   17247   5100 |    0.40        0.00
--------|----------------------------------------------------------------------------|-------|-------------|-------|-------|-------|-------|--------|-----------
         Aggregated                                                                       782     0(0.00%) |   5533    1133   17247   4800 |    7.00        0.00

Type     Name                                                                          # reqs      # fails |    Avg     Min     Max    Med |   req/s  failures/s
--------|----------------------------------------------------------------------------|-------|-------------|-------|-------|-------|-------|--------|-----------
POST     /api/predict                                                                     718     0(0.00%) |   5508    1133   16985   4800 |    6.60        0.00
GET      /api/status                                                                       83     0(0.00%) |   5628    1422   17247   5100 |    0.60        0.00
--------|----------------------------------------------------------------------------|-------|-------------|-------|-------|-------|-------|--------|-----------
         Aggregated                                                                       801     0(0.00%) |   5521    1133   17247   4900 |    7.20        0.00

Type     Name                                                                          # reqs      # fails |    Avg     Min     Max    Med |   req/s  failures/s
--------|----------------------------------------------------------------------------|-------|-------------|-------|-------|-------|-------|--------|-----------
POST     /api/predict                                                                     734     0(0.00%) |   5496    1133   16985   4800 |    7.80        0.00
GET      /api/status                                                                       85     0(0.00%) |   5622    1422   17247   5100 |    0.60        0.00
--------|----------------------------------------------------------------------------|-------|-------------|-------|-------|-------|-------|--------|-----------
         Aggregated                                                                       819     0(0.00%) |   5509    1133   17247   4900 |    8.40        0.00

Type     Name                                                                          # reqs      # fails |    Avg     Min     Max    Med |   req/s  failures/s
--------|----------------------------------------------------------------------------|-------|-------------|-------|-------|-------|-------|--------|-----------
POST     /api/predict                                                                     752     0(0.00%) |   5487    1133   16985   4800 |    8.50        0.00
GET      /api/status                                                                       85     0(0.00%) |   5622    1422   17247   5100 |    0.60        0.00
--------|----------------------------------------------------------------------------|-------|-------------|-------|-------|-------|-------|--------|-----------
         Aggregated                                                                       837     0(0.00%) |   5501    1133   17247   4900 |    9.10        0.00

Type     Name                                                                          # reqs      # fails |    Avg     Min     Max    Med |   req/s  failures/s
--------|----------------------------------------------------------------------------|-------|-------------|-------|-------|-------|-------|--------|-----------
POST     /api/predict                                                                     769     0(0.00%) |   5477    1133   16985   4900 |    8.50        0.00
GET      /api/status                                                                       88     0(0.00%) |   5616    1422   17247   5200 |    0.80        0.00
--------|----------------------------------------------------------------------------|-------|-------------|-------|-------|-------|-------|--------|-----------
         Aggregated                                                                       857     0(0.00%) |   5492    1133   17247   4900 |    9.30        0.00

Type     Name                                                                          # reqs      # fails |    Avg     Min     Max    Med |   req/s  failures/s
--------|----------------------------------------------------------------------------|-------|-------------|-------|-------|-------|-------|--------|-----------
POST     /api/predict                                                                     787     0(0.00%) |   5466    1133   16985   4900 |    8.50        0.00
GET      /api/status                                                                       89     0(0.00%) |   5615    1422   17247   5200 |    1.00        0.00
--------|----------------------------------------------------------------------------|-------|-------------|-------|-------|-------|-------|--------|-----------
         Aggregated                                                                       876     0(0.00%) |   5481    1133   17247   4900 |    9.50        0.00

Type     Name                                                                          # reqs      # fails |    Avg     Min     Max    Med |   req/s  failures/s
--------|----------------------------------------------------------------------------|-------|-------------|-------|-------|-------|-------|--------|-----------
POST     /api/predict                                                                     804     0(0.00%) |   5455    1133   16985   4900 |    8.60        0.00
GET      /api/status                                                                       90     0(0.00%) |   5612    1422   17247   5200 |    0.70        0.00
--------|----------------------------------------------------------------------------|-------|-------------|-------|-------|-------|-------|--------|-----------
         Aggregated                                                                       894     0(0.00%) |   5470    1133   17247   4900 |    9.30        0.00

Type     Name                                                                          # reqs      # fails |    Avg     Min     Max    Med |   req/s  failures/s
--------|----------------------------------------------------------------------------|-------|-------------|-------|-------|-------|-------|--------|-----------
POST     /api/predict                                                                     821     0(0.00%) |   5448    1133   16985   4900 |    8.70        0.00
GET      /api/status                                                                       91     0(0.00%) |   5612    1422   17247   5200 |    0.80        0.00
--------|----------------------------------------------------------------------------|-------|-------------|-------|-------|-------|-------|--------|-----------
         Aggregated                                                                       912     0(0.00%) |   5464    1133   17247   4900 |    9.50        0.00

Type     Name                                                                          # reqs      # fails |    Avg     Min     Max    Med |   req/s  failures/s
--------|----------------------------------------------------------------------------|-------|-------------|-------|-------|-------|-------|--------|-----------
POST     /api/predict                                                                     837     0(0.00%) |   5444    1133   16985   4900 |    8.60        0.00
GET      /api/status                                                                       92     0(0.00%) |   5612    1422   17247   5200 |    0.70        0.00
--------|----------------------------------------------------------------------------|-------|-------------|-------|-------|-------|-------|--------|-----------
         Aggregated                                                                       929     0(0.00%) |   5461    1133   17247   4900 |    9.30        0.00

Type     Name                                                                          # reqs      # fails |    Avg     Min     Max    Med |   req/s  failures/s
--------|----------------------------------------------------------------------------|-------|-------------|-------|-------|-------|-------|--------|-----------
POST     /api/predict                                                                     853     0(0.00%) |   5444    1133   16985   4900 |    8.60        0.00
GET      /api/status                                                                       93     0(0.00%) |   5615    1422   17247   5200 |    0.60        0.00
--------|----------------------------------------------------------------------------|-------|-------------|-------|-------|-------|-------|--------|-----------
         Aggregated                                                                       946     0(0.00%) |   5460    1133   17247   5000 |    9.20        0.00

Type     Name                                                                          # reqs      # fails |    Avg     Min     Max    Med |   req/s  failures/s
--------|----------------------------------------------------------------------------|-------|-------------|-------|-------|-------|-------|--------|-----------
POST     /api/predict                                                                     871     0(0.00%) |   5442    1133   16985   4900 |    8.50        0.00
GET      /api/status                                                                       93     0(0.00%) |   5615    1422   17247   5200 |    0.50        0.00
--------|----------------------------------------------------------------------------|-------|-------------|-------|-------|-------|-------|--------|-----------
         Aggregated                                                                       964     0(0.00%) |   5458    1133   17247   5000 |    9.00        0.00

[2026-07-28 10:07:36,283] Treasure-dell/INFO/locust.main: --run-time limit reached, shutting down
[2026-07-28 10:07:36,339] Treasure-dell/INFO/locust.main: Shutting down (exit code 0)
Type     Name                                                                          # reqs      # fails |    Avg     Min     Max    Med |   req/s  failures/s
--------|----------------------------------------------------------------------------|-------|-------------|-------|-------|-------|-------|--------|-----------
POST     /api/predict                                                                     885     0(0.00%) |   5437    1133   16985   4900 |    7.40        0.00
GET      /api/status                                                                       95     0(0.00%) |   5617    1422   17247   5200 |    0.79        0.00
--------|----------------------------------------------------------------------------|-------|-------------|-------|-------|-------|-------|--------|-----------
         Aggregated                                                                       980     0(0.00%) |   5454    1133   17247   5000 |    8.20        0.00

Response time percentiles (approximated)
Type     Name                                                                                  50%    66%    75%    80%    90%    95%    98%    99%  99.9% 99.99%   100% # reqs
--------|--------------------------------------------------------------------------------|--------|------|------|------|------|------|------|------|------|------|------|------
POST     /api/predict                                                                         4900   5100   5300   5400   7600  12000  17000  17000  17000  17000  17000    885
GET      /api/status                                                                          5200   5400   5500   5600   6900  14000  17000  17000  17000  17000  17000     95
--------|--------------------------------------------------------------------------------|--------|------|------|------|------|------|------|------|------|------|------|------
         Aggregated                                                                           5000   5100   5300   5400   7600  12000  17000  17000  17000  17000  17000    980

=== Done: 1 replica(s) ===
=== Scaling API to 2 replica(s) ===
Creating coffeebeans_api_2 ... 
Creating coffeebeans_api_2 ... done
coffeebeans_ui_1 is up-to-date
coffeebeans_nginx_1 is up-to-date
Waiting for containers to warm up...
=== Running load test with 2 replica(s) ===
[2026-07-28 10:08:48,900] Treasure-dell/INFO/locust.main: Starting Locust 2.32.5
[2026-07-28 10:08:48,901] Treasure-dell/INFO/locust.main: Run time limit set to 120 seconds
Type     Name                                                                          # reqs      # fails |    Avg     Min     Max    Med |   req/s  failures/s
--------|----------------------------------------------------------------------------|-------|-------------|-------|-------|-------|-------|--------|-----------
--------|----------------------------------------------------------------------------|-------|-------------|-------|-------|-------|-------|--------|-----------
         Aggregated                                                                         0     0(0.00%) |      0       0       0      0 |    0.00        0.00

[2026-07-28 10:08:48,902] Treasure-dell/INFO/locust.runners: Ramping to 50 users at a rate of 5.00 per second
Type     Name                                                                          # reqs      # fails |    Avg     Min     Max    Med |   req/s  failures/s
--------|----------------------------------------------------------------------------|-------|-------------|-------|-------|-------|-------|--------|-----------
POST     /api/predict                                                                      25     0(0.00%) |    274     107     554    250 |    0.00        0.00
GET      /api/status                                                                        2     0(0.00%) |    423     167     680    170 |    0.00        0.00
--------|----------------------------------------------------------------------------|-------|-------------|-------|-------|-------|-------|--------|-----------
         Aggregated                                                                        27     0(0.00%) |    285     107     680    250 |    0.00        0.00

Type     Name                                                                          # reqs      # fails |    Avg     Min     Max    Med |   req/s  failures/s
--------|----------------------------------------------------------------------------|-------|-------------|-------|-------|-------|-------|--------|-----------
POST     /api/predict                                                                      49     0(0.00%) |    409     107    1425    350 |    5.50        0.00
GET      /api/status                                                                        4     0(0.00%) |    391     167     680    200 |    0.50        0.00
--------|----------------------------------------------------------------------------|-------|-------------|-------|-------|-------|-------|--------|-----------
         Aggregated                                                                        53     0(0.00%) |    408     107    1425    350 |    6.00        0.00

Type     Name                                                                          # reqs      # fails |    Avg     Min     Max    Med |   req/s  failures/s
--------|----------------------------------------------------------------------------|-------|-------------|-------|-------|-------|-------|--------|-----------
POST     /api/predict                                                                      65     0(0.00%) |    641     107    2757    390 |   10.00        0.00
GET      /api/status                                                                        6     0(0.00%) |    765     167    1809    510 |    0.75        0.00
--------|----------------------------------------------------------------------------|-------|-------------|-------|-------|-------|-------|--------|-----------
         Aggregated                                                                        71     0(0.00%) |    651     107    2757    400 |   10.75        0.00

Type     Name                                                                          # reqs      # fails |    Avg     Min     Max    Med |   req/s  failures/s
--------|----------------------------------------------------------------------------|-------|-------------|-------|-------|-------|-------|--------|-----------
POST     /api/predict                                                                      96     0(0.00%) |    990     107    2964    570 |    9.17        0.00
GET      /api/status                                                                       10     0(0.00%) |   1547     167    3295   1200 |    0.83        0.00
--------|----------------------------------------------------------------------------|-------|-------------|-------|-------|-------|-------|--------|-----------
         Aggregated                                                                       106     0(0.00%) |   1042     107    3295    610 |   10.00        0.00

[2026-07-28 10:08:57,919] Treasure-dell/INFO/locust.runners: All users spawned: {"CoffeeBeanUser": 50} (50 total users)
Type     Name                                                                          # reqs      # fails |    Avg     Min     Max    Med |   req/s  failures/s
--------|----------------------------------------------------------------------------|-------|-------------|-------|-------|-------|-------|--------|-----------
POST     /api/predict                                                                     126     0(0.00%) |   1196     107    3096    730 |   10.25        0.00
GET      /api/status                                                                       12     0(0.00%) |   1502     167    3295   1200 |    1.00        0.00
--------|----------------------------------------------------------------------------|-------|-------------|-------|-------|-------|-------|--------|-----------
         Aggregated                                                                       138     0(0.00%) |   1222     107    3295    750 |   11.25        0.00

Type     Name                                                                          # reqs      # fails |    Avg     Min     Max    Med |   req/s  failures/s
--------|----------------------------------------------------------------------------|-------|-------------|-------|-------|-------|-------|--------|-----------
POST     /api/predict                                                                     152     0(0.00%) |   1417     107    4099    890 |   11.20        0.00
GET      /api/status                                                                       15     0(0.00%) |   1866     167    4145   1500 |    1.20        0.00
--------|----------------------------------------------------------------------------|-------|-------------|-------|-------|-------|-------|--------|-----------
         Aggregated                                                                       167     0(0.00%) |   1458     107    4145    940 |   12.40        0.00

Type     Name                                                                          # reqs      # fails |    Avg     Min     Max    Med |   req/s  failures/s
--------|----------------------------------------------------------------------------|-------|-------------|-------|-------|-------|-------|--------|-----------
POST     /api/predict                                                                     181     0(0.00%) |   1673     107    4830   1300 |   12.90        0.00
GET      /api/status                                                                       16     0(0.00%) |   1892     167    4145   1500 |    1.20        0.00
--------|----------------------------------------------------------------------------|-------|-------------|-------|-------|-------|-------|--------|-----------
         Aggregated                                                                       197     0(0.00%) |   1691     107    4830   1300 |   14.10        0.00

Type     Name                                                                          # reqs      # fails |    Avg     Min     Max    Med |   req/s  failures/s
--------|----------------------------------------------------------------------------|-------|-------------|-------|-------|-------|-------|--------|-----------
POST     /api/predict                                                                     210     0(0.00%) |   1849     107    4830   1600 |   12.70        0.00
GET      /api/status                                                                       20     0(0.00%) |   2351     167    4992   2200 |    1.30        0.00
--------|----------------------------------------------------------------------------|-------|-------------|-------|-------|-------|-------|--------|-----------
         Aggregated                                                                       230     0(0.00%) |   1893     107    4992   1600 |   14.00        0.00

Type     Name                                                                          # reqs      # fails |    Avg     Min     Max    Med |   req/s  failures/s
--------|----------------------------------------------------------------------------|-------|-------------|-------|-------|-------|-------|--------|-----------
POST     /api/predict                                                                     239     0(0.00%) |   1997     107    4830   1700 |   14.20        0.00
GET      /api/status                                                                       23     0(0.00%) |   2348     167    4992   2200 |    1.30        0.00
--------|----------------------------------------------------------------------------|-------|-------------|-------|-------|-------|-------|--------|-----------
         Aggregated                                                                       262     0(0.00%) |   2028     107    4992   1800 |   15.50        0.00

Type     Name                                                                          # reqs      # fails |    Avg     Min     Max    Med |   req/s  failures/s
--------|----------------------------------------------------------------------------|-------|-------------|-------|-------|-------|-------|--------|-----------
POST     /api/predict                                                                     269     0(0.00%) |   2076     107    4830   1900 |   14.30        0.00
GET      /api/status                                                                       27     0(0.00%) |   2409     167    4992   2300 |    1.40        0.00
--------|----------------------------------------------------------------------------|-------|-------------|-------|-------|-------|-------|--------|-----------
         Aggregated                                                                       296     0(0.00%) |   2107     107    4992   1900 |   15.70        0.00

Type     Name                                                                          # reqs      # fails |    Avg     Min     Max    Med |   req/s  failures/s
--------|----------------------------------------------------------------------------|-------|-------------|-------|-------|-------|-------|--------|-----------
POST     /api/predict                                                                     299     0(0.00%) |   2153     107    4830   2100 |   14.30        0.00
GET      /api/status                                                                       28     0(0.00%) |   2454     167    4992   2300 |    1.20        0.00
--------|----------------------------------------------------------------------------|-------|-------------|-------|-------|-------|-------|--------|-----------
         Aggregated                                                                       327     0(0.00%) |   2179     107    4992   2100 |   15.50        0.00

Type     Name                                                                          # reqs      # fails |    Avg     Min     Max    Med |   req/s  failures/s
--------|----------------------------------------------------------------------------|-------|-------------|-------|-------|-------|-------|--------|-----------
POST     /api/predict                                                                     329     0(0.00%) |   2206     107    4830   2200 |   14.50        0.00
GET      /api/status                                                                       35     0(0.00%) |   2596     167    4992   2600 |    1.50        0.00
--------|----------------------------------------------------------------------------|-------|-------------|-------|-------|-------|-------|--------|-----------
         Aggregated                                                                       364     0(0.00%) |   2244     107    4992   2300 |   16.00        0.00

Type     Name                                                                          # reqs      # fails |    Avg     Min     Max    Med |   req/s  failures/s
--------|----------------------------------------------------------------------------|-------|-------------|-------|-------|-------|-------|--------|-----------
POST     /api/predict                                                                     358     0(0.00%) |   2222     107    4830   2300 |   14.80        0.00
GET      /api/status                                                                       39     0(0.00%) |   2624     167    4992   2800 |    1.40        0.00
--------|----------------------------------------------------------------------------|-------|-------------|-------|-------|-------|-------|--------|-----------
         Aggregated                                                                       397     0(0.00%) |   2261     107    4992   2400 |   16.20        0.00

Type     Name                                                                          # reqs      # fails |    Avg     Min     Max    Med |   req/s  failures/s
--------|----------------------------------------------------------------------------|-------|-------------|-------|-------|-------|-------|--------|-----------
POST     /api/predict                                                                     386     0(0.00%) |   2244     107    4830   2400 |   14.70        0.00
GET      /api/status                                                                       45     0(0.00%) |   2654     167    4992   2800 |    2.00        0.00
--------|----------------------------------------------------------------------------|-------|-------------|-------|-------|-------|-------|--------|-----------
         Aggregated                                                                       431     0(0.00%) |   2287     107    4992   2400 |   16.70        0.00

Type     Name                                                                          # reqs      # fails |    Avg     Min     Max    Med |   req/s  failures/s
--------|----------------------------------------------------------------------------|-------|-------------|-------|-------|-------|-------|--------|-----------
POST     /api/predict                                                                     416     0(0.00%) |   2271     107    4830   2400 |   14.70        0.00
GET      /api/status                                                                       50     0(0.00%) |   2693     167    4992   2900 |    2.10        0.00
--------|----------------------------------------------------------------------------|-------|-------------|-------|-------|-------|-------|--------|-----------
         Aggregated                                                                       466     0(0.00%) |   2317     107    4992   2500 |   16.80        0.00

Type     Name                                                                          # reqs      # fails |    Avg     Min     Max    Med |   req/s  failures/s
--------|----------------------------------------------------------------------------|-------|-------------|-------|-------|-------|-------|--------|-----------
POST     /api/predict                                                                     446     0(0.00%) |   2285     107    4830   2500 |   14.70        0.00
GET      /api/status                                                                       54     0(0.00%) |   2715     167    4992   2900 |    2.20        0.00
--------|----------------------------------------------------------------------------|-------|-------------|-------|-------|-------|-------|--------|-----------
         Aggregated                                                                       500     0(0.00%) |   2332     107    4992   2500 |   16.90        0.00

Type     Name                                                                          # reqs      # fails |    Avg     Min     Max    Med |   req/s  failures/s
--------|----------------------------------------------------------------------------|-------|-------------|-------|-------|-------|-------|--------|-----------
POST     /api/predict                                                                     473     0(0.00%) |   2305     107    4830   2500 |   14.70        0.00
GET      /api/status                                                                       59     0(0.00%) |   2738     167    4992   2900 |    2.50        0.00
--------|----------------------------------------------------------------------------|-------|-------------|-------|-------|-------|-------|--------|-----------
         Aggregated                                                                       532     0(0.00%) |   2353     107    4992   2500 |   17.20        0.00

Type     Name                                                                          # reqs      # fails |    Avg     Min     Max    Med |   req/s  failures/s
--------|----------------------------------------------------------------------------|-------|-------------|-------|-------|-------|-------|--------|-----------
POST     /api/predict                                                                     501     0(0.00%) |   2334     107    4830   2500 |   14.50        0.00
GET      /api/status                                                                       62     0(0.00%) |   2736     167    4992   2900 |    2.70        0.00
--------|----------------------------------------------------------------------------|-------|-------------|-------|-------|-------|-------|--------|-----------
         Aggregated                                                                       563     0(0.00%) |   2379     107    4992   2500 |   17.20        0.00

Type     Name                                                                          # reqs      # fails |    Avg     Min     Max    Med |   req/s  failures/s
--------|----------------------------------------------------------------------------|-------|-------------|-------|-------|-------|-------|--------|-----------
POST     /api/predict                                                                     530     0(0.00%) |   2365     107    4830   2500 |   14.50        0.00
GET      /api/status                                                                       65     0(0.00%) |   2773     167    4992   2900 |    2.20        0.00
--------|----------------------------------------------------------------------------|-------|-------------|-------|-------|-------|-------|--------|-----------
         Aggregated                                                                       595     0(0.00%) |   2410     107    4992   2500 |   16.70        0.00

Type     Name                                                                          # reqs      # fails |    Avg     Min     Max    Med |   req/s  failures/s
--------|----------------------------------------------------------------------------|-------|-------------|-------|-------|-------|-------|--------|-----------
POST     /api/predict                                                                     560     0(0.00%) |   2376     107    4830   2500 |   14.40        0.00
GET      /api/status                                                                       69     0(0.00%) |   2777     167    4992   2900 |    2.00        0.00
--------|----------------------------------------------------------------------------|-------|-------------|-------|-------|-------|-------|--------|-----------
         Aggregated                                                                       629     0(0.00%) |   2420     107    4992   2500 |   16.40        0.00

Type     Name                                                                          # reqs      # fails |    Avg     Min     Max    Med |   req/s  failures/s
--------|----------------------------------------------------------------------------|-------|-------------|-------|-------|-------|-------|--------|-----------
POST     /api/predict                                                                     589     0(0.00%) |   2378     107    4830   2500 |   14.40        0.00
GET      /api/status                                                                       75     0(0.00%) |   2827     167    4992   3000 |    2.20        0.00
--------|----------------------------------------------------------------------------|-------|-------------|-------|-------|-------|-------|--------|-----------
         Aggregated                                                                       664     0(0.00%) |   2429     107    4992   2500 |   16.60        0.00

Type     Name                                                                          # reqs      # fails |    Avg     Min     Max    Med |   req/s  failures/s
--------|----------------------------------------------------------------------------|-------|-------------|-------|-------|-------|-------|--------|-----------
POST     /api/predict                                                                     618     0(0.00%) |   2383     107    4830   2500 |   14.20        0.00
GET      /api/status                                                                       78     0(0.00%) |   2823     167    4992   3000 |    1.80        0.00
--------|----------------------------------------------------------------------------|-------|-------------|-------|-------|-------|-------|--------|-----------
         Aggregated                                                                       696     0(0.00%) |   2432     107    4992   2500 |   16.00        0.00

Type     Name                                                                          # reqs      # fails |    Avg     Min     Max    Med |   req/s  failures/s
--------|----------------------------------------------------------------------------|-------|-------------|-------|-------|-------|-------|--------|-----------
POST     /api/predict                                                                     646     0(0.00%) |   2397     107    4830   2500 |   14.40        0.00
GET      /api/status                                                                       82     0(0.00%) |   2829     167    4992   3000 |    1.90        0.00
--------|----------------------------------------------------------------------------|-------|-------------|-------|-------|-------|-------|--------|-----------
         Aggregated                                                                       728     0(0.00%) |   2446     107    4992   2500 |   16.30        0.00

Type     Name                                                                          # reqs      # fails |    Avg     Min     Max    Med |   req/s  failures/s
--------|----------------------------------------------------------------------------|-------|-------------|-------|-------|-------|-------|--------|-----------
POST     /api/predict                                                                     676     0(0.00%) |   2416     107    4830   2500 |   14.40        0.00
GET      /api/status                                                                       85     0(0.00%) |   2859     167    4992   3000 |    1.90        0.00
--------|----------------------------------------------------------------------------|-------|-------------|-------|-------|-------|-------|--------|-----------
         Aggregated                                                                       761     0(0.00%) |   2466     107    4992   2500 |   16.30        0.00

Type     Name                                                                          # reqs      # fails |    Avg     Min     Max    Med |   req/s  failures/s
--------|----------------------------------------------------------------------------|-------|-------------|-------|-------|-------|-------|--------|-----------
POST     /api/predict                                                                     706     0(0.00%) |   2427     107    4830   2500 |   14.70        0.00
GET      /api/status                                                                       90     0(0.00%) |   2882     167    4992   3000 |    2.00        0.00
--------|----------------------------------------------------------------------------|-------|-------------|-------|-------|-------|-------|--------|-----------
         Aggregated                                                                       796     0(0.00%) |   2479     107    4992   2500 |   16.70        0.00

Type     Name                                                                          # reqs      # fails |    Avg     Min     Max    Med |   req/s  failures/s
--------|----------------------------------------------------------------------------|-------|-------------|-------|-------|-------|-------|--------|-----------
POST     /api/predict                                                                     735     0(0.00%) |   2431     107    4830   2500 |   14.50        0.00
GET      /api/status                                                                       96     0(0.00%) |   2883     167    4992   3000 |    2.00        0.00
--------|----------------------------------------------------------------------------|-------|-------------|-------|-------|-------|-------|--------|-----------
         Aggregated                                                                       831     0(0.00%) |   2483     107    4992   2500 |   16.50        0.00

Type     Name                                                                          # reqs      # fails |    Avg     Min     Max    Med |   req/s  failures/s
--------|----------------------------------------------------------------------------|-------|-------------|-------|-------|-------|-------|--------|-----------
POST     /api/predict                                                                     765     0(0.00%) |   2428     107    4830   2500 |   14.70        0.00
GET      /api/status                                                                      106     0(0.00%) |   2881     167    4992   3000 |    2.20        0.00
--------|----------------------------------------------------------------------------|-------|-------------|-------|-------|-------|-------|--------|-----------
         Aggregated                                                                       871     0(0.00%) |   2483     107    4992   2500 |   16.90        0.00

Type     Name                                                                          # reqs      # fails |    Avg     Min     Max    Med |   req/s  failures/s
--------|----------------------------------------------------------------------------|-------|-------------|-------|-------|-------|-------|--------|-----------
POST     /api/predict                                                                     796     0(0.00%) |   2423     107    4830   2500 |   14.70        0.00
GET      /api/status                                                                      108     0(0.00%) |   2871     167    4992   2900 |    2.30        0.00
--------|----------------------------------------------------------------------------|-------|-------------|-------|-------|-------|-------|--------|-----------
         Aggregated                                                                       904     0(0.00%) |   2477     107    4992   2500 |   17.00        0.00

Type     Name                                                                          # reqs      # fails |    Avg     Min     Max    Med |   req/s  failures/s
--------|----------------------------------------------------------------------------|-------|-------------|-------|-------|-------|-------|--------|-----------
POST     /api/predict                                                                     821     0(0.00%) |   2419     107    4830   2500 |   14.80        0.00
GET      /api/status                                                                      112     0(0.00%) |   2851     167    4992   2900 |    2.80        0.00
--------|----------------------------------------------------------------------------|-------|-------------|-------|-------|-------|-------|--------|-----------
         Aggregated                                                                       933     0(0.00%) |   2471     107    4992   2500 |   17.60        0.00

Type     Name                                                                          # reqs      # fails |    Avg     Min     Max    Med |   req/s  failures/s
--------|----------------------------------------------------------------------------|-------|-------------|-------|-------|-------|-------|--------|-----------
POST     /api/predict                                                                     828     0(0.00%) |   2425     107    5096   2500 |   14.80        0.00
GET      /api/status                                                                      112     0(0.00%) |   2851     167    4992   2900 |    2.70        0.00
--------|----------------------------------------------------------------------------|-------|-------------|-------|-------|-------|-------|--------|-----------
         Aggregated                                                                       940     0(0.00%) |   2476     107    5096   2500 |   17.50        0.00

Type     Name                                                                          # reqs      # fails |    Avg     Min     Max    Med |   req/s  failures/s
--------|----------------------------------------------------------------------------|-------|-------------|-------|-------|-------|-------|--------|-----------
POST     /api/predict                                                                     852     0(0.00%) |   2487     107    6394   2500 |   13.40        0.00
GET      /api/status                                                                      117     0(0.00%) |   2931     167    6438   3000 |    2.40        0.00
--------|----------------------------------------------------------------------------|-------|-------------|-------|-------|-------|-------|--------|-----------
         Aggregated                                                                       969     0(0.00%) |   2540     107    6438   2600 |   15.80        0.00

Type     Name                                                                          # reqs      # fails |    Avg     Min     Max    Med |   req/s  failures/s
--------|----------------------------------------------------------------------------|-------|-------------|-------|-------|-------|-------|--------|-----------
POST     /api/predict                                                                     879     0(0.00%) |   2525     107    6839   2500 |   11.80        0.00
GET      /api/status                                                                      119     0(0.00%) |   2951     167    6801   3000 |    1.90        0.00
--------|----------------------------------------------------------------------------|-------|-------------|-------|-------|-------|-------|--------|-----------
         Aggregated                                                                       998     0(0.00%) |   2576     107    6839   2600 |   13.70        0.00

Type     Name                                                                          # reqs      # fails |    Avg     Min     Max    Med |   req/s  failures/s
--------|----------------------------------------------------------------------------|-------|-------------|-------|-------|-------|-------|--------|-----------
POST     /api/predict                                                                     907     0(0.00%) |   2542     107    7085   2500 |   11.60        0.00
GET      /api/status                                                                      122     0(0.00%) |   2920     167    6801   2900 |    1.90        0.00
--------|----------------------------------------------------------------------------|-------|-------------|-------|-------|-------|-------|--------|-----------
         Aggregated                                                                      1029     0(0.00%) |   2587     107    7085   2500 |   13.50        0.00

Type     Name                                                                          # reqs      # fails |    Avg     Min     Max    Med |   req/s  failures/s
--------|----------------------------------------------------------------------------|-------|-------------|-------|-------|-------|-------|--------|-----------
POST     /api/predict                                                                     936     0(0.00%) |   2552     107    7085   2500 |   11.40        0.00
GET      /api/status                                                                      125     0(0.00%) |   2911     167    6801   2900 |    1.40        0.00
--------|----------------------------------------------------------------------------|-------|-------------|-------|-------|-------|-------|--------|-----------
         Aggregated                                                                      1061     0(0.00%) |   2594     107    7085   2500 |   12.80        0.00

Type     Name                                                                          # reqs      # fails |    Avg     Min     Max    Med |   req/s  failures/s
--------|----------------------------------------------------------------------------|-------|-------------|-------|-------|-------|-------|--------|-----------
POST     /api/predict                                                                     966     0(0.00%) |   2561     107    7085   2500 |   11.10        0.00
GET      /api/status                                                                      127     0(0.00%) |   2918     167    6801   2900 |    1.40        0.00
--------|----------------------------------------------------------------------------|-------|-------------|-------|-------|-------|-------|--------|-----------
         Aggregated                                                                      1093     0(0.00%) |   2603     107    7085   2500 |   12.50        0.00

Type     Name                                                                          # reqs      # fails |    Avg     Min     Max    Med |   req/s  failures/s
--------|----------------------------------------------------------------------------|-------|-------------|-------|-------|-------|-------|--------|-----------
POST     /api/predict                                                                     994     0(0.00%) |   2570     107    7085   2500 |   12.60        0.00
GET      /api/status                                                                      130     0(0.00%) |   2878     167    6801   2900 |    1.40        0.00
--------|----------------------------------------------------------------------------|-------|-------------|-------|-------|-------|-------|--------|-----------
         Aggregated                                                                      1124     0(0.00%) |   2606     107    7085   2500 |   14.00        0.00

Type     Name                                                                          # reqs      # fails |    Avg     Min     Max    Med |   req/s  failures/s
--------|----------------------------------------------------------------------------|-------|-------------|-------|-------|-------|-------|--------|-----------
POST     /api/predict                                                                    1023     0(0.00%) |   2575     107    7085   2500 |   14.10        0.00
GET      /api/status                                                                      133     0(0.00%) |   2863     167    6801   2900 |    1.60        0.00
--------|----------------------------------------------------------------------------|-------|-------------|-------|-------|-------|-------|--------|-----------
         Aggregated                                                                      1156     0(0.00%) |   2608     107    7085   2500 |   15.70        0.00

Type     Name                                                                          # reqs      # fails |    Avg     Min     Max    Med |   req/s  failures/s
--------|----------------------------------------------------------------------------|-------|-------------|-------|-------|-------|-------|--------|-----------
POST     /api/predict                                                                    1049     0(0.00%) |   2586     107    7085   2500 |   14.10        0.00
GET      /api/status                                                                      140     0(0.00%) |   2907      10    6801   2900 |    1.50        0.00
--------|----------------------------------------------------------------------------|-------|-------------|-------|-------|-------|-------|--------|-----------
         Aggregated                                                                      1189     0(0.00%) |   2624      10    7085   2600 |   15.60        0.00

Type     Name                                                                          # reqs      # fails |    Avg     Min     Max    Med |   req/s  failures/s
--------|----------------------------------------------------------------------------|-------|-------------|-------|-------|-------|-------|--------|-----------
POST     /api/predict                                                                    1078     0(0.00%) |   2587     107    7085   2500 |   14.30        0.00
GET      /api/status                                                                      144     0(0.00%) |   2934      10    6801   2900 |    1.30        0.00
--------|----------------------------------------------------------------------------|-------|-------------|-------|-------|-------|-------|--------|-----------
         Aggregated                                                                      1222     0(0.00%) |   2628      10    7085   2600 |   15.60        0.00

Type     Name                                                                          # reqs      # fails |    Avg     Min     Max    Med |   req/s  failures/s
--------|----------------------------------------------------------------------------|-------|-------------|-------|-------|-------|-------|--------|-----------
POST     /api/predict                                                                    1108     0(0.00%) |   2588     107    7085   2500 |   14.10        0.00
GET      /api/status                                                                      146     0(0.00%) |   2908      10    6801   2900 |    1.90        0.00
--------|----------------------------------------------------------------------------|-------|-------------|-------|-------|-------|-------|--------|-----------
         Aggregated                                                                      1254     0(0.00%) |   2625      10    7085   2600 |   16.00        0.00

Type     Name                                                                          # reqs      # fails |    Avg     Min     Max    Med |   req/s  failures/s
--------|----------------------------------------------------------------------------|-------|-------------|-------|-------|-------|-------|--------|-----------
POST     /api/predict                                                                    1134     0(0.00%) |   2597     107    7085   2500 |   14.30        0.00
GET      /api/status                                                                      147     0(0.00%) |   2923      10    6801   2900 |    2.00        0.00
--------|----------------------------------------------------------------------------|-------|-------------|-------|-------|-------|-------|--------|-----------
         Aggregated                                                                      1281     0(0.00%) |   2634      10    7085   2600 |   16.30        0.00

Type     Name                                                                          # reqs      # fails |    Avg     Min     Max    Med |   req/s  failures/s
--------|----------------------------------------------------------------------------|-------|-------------|-------|-------|-------|-------|--------|-----------
POST     /api/predict                                                                    1161     0(0.00%) |   2605     107    7085   2500 |   14.10        0.00
GET      /api/status                                                                      148     0(0.00%) |   2910      10    6801   2900 |    1.90        0.00
--------|----------------------------------------------------------------------------|-------|-------------|-------|-------|-------|-------|--------|-----------
         Aggregated                                                                      1309     0(0.00%) |   2639      10    7085   2600 |   16.00        0.00

Type     Name                                                                          # reqs      # fails |    Avg     Min     Max    Med |   req/s  failures/s
--------|----------------------------------------------------------------------------|-------|-------------|-------|-------|-------|-------|--------|-----------
POST     /api/predict                                                                    1191     0(0.00%) |   2620     107    7085   2500 |   13.80        0.00
GET      /api/status                                                                      150     0(0.00%) |   2950      10    6801   2900 |    1.40        0.00
--------|----------------------------------------------------------------------------|-------|-------------|-------|-------|-------|-------|--------|-----------
         Aggregated                                                                      1341     0(0.00%) |   2657      10    7085   2600 |   15.20        0.00

Type     Name                                                                          # reqs      # fails |    Avg     Min     Max    Med |   req/s  failures/s
--------|----------------------------------------------------------------------------|-------|-------------|-------|-------|-------|-------|--------|-----------
POST     /api/predict                                                                    1221     0(0.00%) |   2631     107    7085   2500 |   13.90        0.00
GET      /api/status                                                                      154     0(0.00%) |   2964      10    6801   2900 |    1.50        0.00
--------|----------------------------------------------------------------------------|-------|-------------|-------|-------|-------|-------|--------|-----------
         Aggregated                                                                      1375     0(0.00%) |   2668      10    7085   2600 |   15.40        0.00

Type     Name                                                                          # reqs      # fails |    Avg     Min     Max    Med |   req/s  failures/s
--------|----------------------------------------------------------------------------|-------|-------------|-------|-------|-------|-------|--------|-----------
POST     /api/predict                                                                    1250     0(0.00%) |   2633     107    7085   2500 |   14.40        0.00
GET      /api/status                                                                      157     0(0.00%) |   2963      10    6801   2900 |    1.00        0.00
--------|----------------------------------------------------------------------------|-------|-------------|-------|-------|-------|-------|--------|-----------
         Aggregated                                                                      1407     0(0.00%) |   2670      10    7085   2600 |   15.40        0.00

Type     Name                                                                          # reqs      # fails |    Avg     Min     Max    Med |   req/s  failures/s
--------|----------------------------------------------------------------------------|-------|-------------|-------|-------|-------|-------|--------|-----------
POST     /api/predict                                                                    1279     0(0.00%) |   2637     107    7085   2500 |   14.10        0.00
GET      /api/status                                                                      161     0(0.00%) |   2989      10    6801   3000 |    0.90        0.00
--------|----------------------------------------------------------------------------|-------|-------------|-------|-------|-------|-------|--------|-----------
         Aggregated                                                                      1440     0(0.00%) |   2676      10    7085   2600 |   15.00        0.00

Type     Name                                                                          # reqs      # fails |    Avg     Min     Max    Med |   req/s  failures/s
--------|----------------------------------------------------------------------------|-------|-------------|-------|-------|-------|-------|--------|-----------
POST     /api/predict                                                                    1308     0(0.00%) |   2628     107    7085   2500 |   14.50        0.00
GET      /api/status                                                                      167     0(0.00%) |   3004      10    6801   3000 |    1.30        0.00
--------|----------------------------------------------------------------------------|-------|-------------|-------|-------|-------|-------|--------|-----------
         Aggregated                                                                      1475     0(0.00%) |   2671      10    7085   2600 |   15.80        0.00

Type     Name                                                                          # reqs      # fails |    Avg     Min     Max    Med |   req/s  failures/s
--------|----------------------------------------------------------------------------|-------|-------------|-------|-------|-------|-------|--------|-----------
POST     /api/predict                                                                    1334     0(0.00%) |   2620     107    7085   2500 |   14.80        0.00
GET      /api/status                                                                      173     0(0.00%) |   3017      10    6801   3000 |    1.90        0.00
--------|----------------------------------------------------------------------------|-------|-------------|-------|-------|-------|-------|--------|-----------
         Aggregated                                                                      1507     0(0.00%) |   2666      10    7085   2600 |   16.70        0.00

Type     Name                                                                          # reqs      # fails |    Avg     Min     Max    Med |   req/s  failures/s
--------|----------------------------------------------------------------------------|-------|-------------|-------|-------|-------|-------|--------|-----------
POST     /api/predict                                                                    1353     0(0.00%) |   2627     107    7085   2500 |   14.60        0.00
GET      /api/status                                                                      175     0(0.00%) |   2994      10    6801   3000 |    2.20        0.00
--------|----------------------------------------------------------------------------|-------|-------------|-------|-------|-------|-------|--------|-----------
         Aggregated                                                                      1528     0(0.00%) |   2669      10    7085   2600 |   16.80        0.00

Type     Name                                                                          # reqs      # fails |    Avg     Min     Max    Med |   req/s  failures/s
--------|----------------------------------------------------------------------------|-------|-------------|-------|-------|-------|-------|--------|-----------
POST     /api/predict                                                                    1378     0(0.00%) |   2636     107    7085   2500 |   13.40        0.00
GET      /api/status                                                                      177     0(0.00%) |   3002      10    6801   3000 |    2.00        0.00
--------|----------------------------------------------------------------------------|-------|-------------|-------|-------|-------|-------|--------|-----------
         Aggregated                                                                      1555     0(0.00%) |   2678      10    7085   2600 |   15.40        0.00

Type     Name                                                                          # reqs      # fails |    Avg     Min     Max    Med |   req/s  failures/s
--------|----------------------------------------------------------------------------|-------|-------------|-------|-------|-------|-------|--------|-----------
POST     /api/predict                                                                    1388     0(0.00%) |   2645     107    7085   2500 |   13.10        0.00
GET      /api/status                                                                      179     0(0.00%) |   3053      10    7747   3000 |    2.10        0.00
--------|----------------------------------------------------------------------------|-------|-------------|-------|-------|-------|-------|--------|-----------
         Aggregated                                                                      1567     0(0.00%) |   2692      10    7747   2600 |   15.20        0.00

Type     Name                                                                          # reqs      # fails |    Avg     Min     Max    Med |   req/s  failures/s
--------|----------------------------------------------------------------------------|-------|-------------|-------|-------|-------|-------|--------|-----------
POST     /api/predict                                                                    1394     0(0.00%) |   2650     107    8791   2500 |   11.70        0.00
GET      /api/status                                                                      179     0(0.00%) |   3053      10    7747   3000 |    1.80        0.00
--------|----------------------------------------------------------------------------|-------|-------------|-------|-------|-------|-------|--------|-----------
         Aggregated                                                                      1573     0(0.00%) |   2696      10    8791   2600 |   13.50        0.00

Type     Name                                                                          # reqs      # fails |    Avg     Min     Max    Med |   req/s  failures/s
--------|----------------------------------------------------------------------------|-------|-------------|-------|-------|-------|-------|--------|-----------
POST     /api/predict                                                                    1407     0(0.00%) |   2674     107   10580   2500 |    9.70        0.00
GET      /api/status                                                                      179     0(0.00%) |   3053      10    7747   3000 |    1.30        0.00
--------|----------------------------------------------------------------------------|-------|-------------|-------|-------|-------|-------|--------|-----------
         Aggregated                                                                      1586     0(0.00%) |   2716      10   10580   2600 |   11.00        0.00

Type     Name                                                                          # reqs      # fails |    Avg     Min     Max    Med |   req/s  failures/s
--------|----------------------------------------------------------------------------|-------|-------------|-------|-------|-------|-------|--------|-----------
POST     /api/predict                                                                    1419     0(0.00%) |   2700     107   11477   2500 |    7.70        0.00
GET      /api/status                                                                      181     0(0.00%) |   3092      10   12011   3000 |    0.80        0.00
--------|----------------------------------------------------------------------------|-------|-------------|-------|-------|-------|-------|--------|-----------
         Aggregated                                                                      1600     0(0.00%) |   2744      10   12011   2600 |    8.50        0.00

Type     Name                                                                          # reqs      # fails |    Avg     Min     Max    Med |   req/s  failures/s
--------|----------------------------------------------------------------------------|-------|-------------|-------|-------|-------|-------|--------|-----------
POST     /api/predict                                                                    1435     0(0.00%) |   2742     107   12048   2500 |    7.30        0.00
GET      /api/status                                                                      184     0(0.00%) |   3180      10   12088   3000 |    0.70        0.00
--------|----------------------------------------------------------------------------|-------|-------------|-------|-------|-------|-------|--------|-----------
         Aggregated                                                                      1619     0(0.00%) |   2792      10   12088   2600 |    8.00        0.00

Type     Name                                                                          # reqs      # fails |    Avg     Min     Max    Med |   req/s  failures/s
--------|----------------------------------------------------------------------------|-------|-------------|-------|-------|-------|-------|--------|-----------
POST     /api/predict                                                                    1456     0(0.00%) |   2798     107   12048   2500 |    6.00        0.00
GET      /api/status                                                                      186     0(0.00%) |   3224      10   12288   3000 |    0.60        0.00
--------|----------------------------------------------------------------------------|-------|-------------|-------|-------|-------|-------|--------|-----------
         Aggregated                                                                      1642     0(0.00%) |   2846      10   12288   2600 |    6.60        0.00

Type     Name                                                                          # reqs      # fails |    Avg     Min     Max    Med |   req/s  failures/s
--------|----------------------------------------------------------------------------|-------|-------------|-------|-------|-------|-------|--------|-----------
POST     /api/predict                                                                    1467     0(0.00%) |   2823     107   12130   2500 |    6.20        0.00
GET      /api/status                                                                      186     0(0.00%) |   3224      10   12288   3000 |    0.60        0.00
--------|----------------------------------------------------------------------------|-------|-------------|-------|-------|-------|-------|--------|-----------
         Aggregated                                                                      1653     0(0.00%) |   2868      10   12288   2600 |    6.80        0.00

Type     Name                                                                          # reqs      # fails |    Avg     Min     Max    Med |   req/s  failures/s
--------|----------------------------------------------------------------------------|-------|-------------|-------|-------|-------|-------|--------|-----------
POST     /api/predict                                                                    1475     0(0.00%) |   2829     107   12229   2500 |    7.20        0.00
GET      /api/status                                                                      188     0(0.00%) |   3337      10   13979   3000 |    0.70        0.00
--------|----------------------------------------------------------------------------|-------|-------------|-------|-------|-------|-------|--------|-----------
         Aggregated                                                                      1663     0(0.00%) |   2886      10   13979   2600 |    7.90        0.00

Type     Name                                                                          # reqs      # fails |    Avg     Min     Max    Med |   req/s  failures/s
--------|----------------------------------------------------------------------------|-------|-------------|-------|-------|-------|-------|--------|-----------
POST     /api/predict                                                                    1482     0(0.00%) |   2824     107   12229   2500 |    7.10        0.00
GET      /api/status                                                                      188     0(0.00%) |   3337      10   13979   3000 |    0.90        0.00
--------|----------------------------------------------------------------------------|-------|-------------|-------|-------|-------|-------|--------|-----------
         Aggregated                                                                      1670     0(0.00%) |   2882      10   13979   2600 |    8.00        0.00

[2026-07-28 10:10:48,557] Treasure-dell/INFO/locust.main: --run-time limit reached, shutting down
Type     Name                                                                          # reqs      # fails |    Avg     Min     Max    Med |   req/s  failures/s
--------|----------------------------------------------------------------------------|-------|-------------|-------|-------|-------|-------|--------|-----------
POST     /api/predict                                                                    1484     0(0.00%) |   2821     107   12229   2500 |    6.50        0.00
GET      /api/status                                                                      189     0(0.00%) |   3328      10   13979   3000 |    0.80        0.00
--------|----------------------------------------------------------------------------|-------|-------------|-------|-------|-------|-------|--------|-----------
         Aggregated                                                                      1673     0(0.00%) |   2878      10   13979   2600 |    7.30        0.00

[2026-07-28 10:10:49,022] Treasure-dell/INFO/locust.main: Shutting down (exit code 0)
Type     Name                                                                          # reqs      # fails |    Avg     Min     Max    Med |   req/s  failures/s
--------|----------------------------------------------------------------------------|-------|-------------|-------|-------|-------|-------|--------|-----------
POST     /api/predict                                                                    1484     0(0.00%) |   2821     107   12229   2500 |   12.42        0.00
GET      /api/status                                                                      189     0(0.00%) |   3328      10   13979   3000 |    1.58        0.00
--------|----------------------------------------------------------------------------|-------|-------------|-------|-------|-------|-------|--------|-----------
         Aggregated                                                                      1673     0(0.00%) |   2878      10   13979   2600 |   14.00        0.00

Response time percentiles (approximated)
Type     Name                                                                                  50%    66%    75%    80%    90%    95%    98%    99%  99.9% 99.99%   100% # reqs
--------|--------------------------------------------------------------------------------|--------|------|------|------|------|------|------|------|------|------|------|------
POST     /api/predict                                                                         2500   3200   3900   4500   5200   6100  11000  12000  12000  12000  12000   1484
GET      /api/status                                                                          3000   3500   4000   4700   5500   6400  12000  14000  14000  14000  14000    189
--------|--------------------------------------------------------------------------------|--------|------|------|------|------|------|------|------|------|------|------|------
         Aggregated                                                                           2600   3200   3900   4500   5200   6200  11000  12000  14000  14000  14000   1673

=== Done: 2 replica(s) ===
=== Scaling API to 4 replica(s) ===
Creating coffeebeans_api_3 ... 
Creating coffeebeans_api_4 ... 
Creating coffeebeans_api_4 ... done
Creating coffeebeans_api_3 ... done
coffeebeans_ui_1 is up-to-date
coffeebeans_nginx_1 is up-to-date
Waiting for containers to warm up...
=== Running load test with 4 replica(s) ===
[2026-07-28 10:12:07,175] Treasure-dell/INFO/locust.main: Starting Locust 2.32.5
[2026-07-28 10:12:07,176] Treasure-dell/INFO/locust.main: Run time limit set to 120 seconds
Type     Name                                                                          # reqs      # fails |    Avg     Min     Max    Med |   req/s  failures/s
--------|----------------------------------------------------------------------------|-------|-------------|-------|-------|-------|-------|--------|-----------
--------|----------------------------------------------------------------------------|-------|-------------|-------|-------|-------|-------|--------|-----------
         Aggregated                                                                         0     0(0.00%) |      0       0       0      0 |    0.00        0.00

[2026-07-28 10:12:07,177] Treasure-dell/INFO/locust.runners: Ramping to 50 users at a rate of 5.00 per second
Type     Name                                                                          # reqs      # fails |    Avg     Min     Max    Med |   req/s  failures/s
--------|----------------------------------------------------------------------------|-------|-------------|-------|-------|-------|-------|--------|-----------
POST     /api/predict                                                                       7     0(0.00%) |    613     145    1890    440 |    0.00        0.00
--------|----------------------------------------------------------------------------|-------|-------------|-------|-------|-------|-------|--------|-----------
         Aggregated                                                                         7     0(0.00%) |    613     145    1890    440 |    0.00        0.00

Type     Name                                                                          # reqs      # fails |    Avg     Min     Max    Med |   req/s  failures/s
--------|----------------------------------------------------------------------------|-------|-------------|-------|-------|-------|-------|--------|-----------
POST     /api/predict                                                                      19     0(0.00%) |    730     145    1890    500 |    2.00        0.00
GET      /api/status                                                                        2     0(0.00%) |    709      43    1374     44 |    0.00        0.00
--------|----------------------------------------------------------------------------|-------|-------------|-------|-------|-------|-------|--------|-----------
         Aggregated                                                                        21     0(0.00%) |    728      43    1890    500 |    2.00        0.00

Type     Name                                                                          # reqs      # fails |    Avg     Min     Max    Med |   req/s  failures/s
--------|----------------------------------------------------------------------------|-------|-------------|-------|-------|-------|-------|--------|-----------
POST     /api/predict                                                                      49     0(0.00%) |   1099     145    4824    650 |    4.75        0.00
GET      /api/status                                                                        5     0(0.00%) |    747      16    1417    880 |    0.50        0.00
--------|----------------------------------------------------------------------------|-------|-------------|-------|-------|-------|-------|--------|-----------
         Aggregated                                                                        54     0(0.00%) |   1066      16    4824    650 |    5.25        0.00

Type     Name                                                                          # reqs      # fails |    Avg     Min     Max    Med |   req/s  failures/s
--------|----------------------------------------------------------------------------|-------|-------------|-------|-------|-------|-------|--------|-----------
POST     /api/predict                                                                      68     0(0.00%) |   1077     145    4824    650 |    6.40        0.00
GET      /api/status                                                                       11     0(0.00%) |   1446      16    5901   1400 |    0.40        0.00
--------|----------------------------------------------------------------------------|-------|-------------|-------|-------|-------|-------|--------|-----------
         Aggregated                                                                        79     0(0.00%) |   1128      16    5901    790 |    6.80        0.00

[2026-07-28 10:12:16,203] Treasure-dell/INFO/locust.runners: All users spawned: {"CoffeeBeanUser": 50} (50 total users)
Type     Name                                                                          # reqs      # fails |    Avg     Min     Max    Med |   req/s  failures/s
--------|----------------------------------------------------------------------------|-------|-------------|-------|-------|-------|-------|--------|-----------
POST     /api/predict                                                                      83     0(0.00%) |   1329     145    6038    900 |    8.50        0.00
GET      /api/status                                                                       12     0(0.00%) |   1528      16    5901   1400 |    1.38        0.00
--------|----------------------------------------------------------------------------|-------|-------------|-------|-------|-------|-------|--------|-----------
         Aggregated                                                                        95     0(0.00%) |   1354      16    6038    930 |    9.88        0.00

Type     Name                                                                          # reqs      # fails |    Avg     Min     Max    Med |   req/s  failures/s
--------|----------------------------------------------------------------------------|-------|-------------|-------|-------|-------|-------|--------|-----------
POST     /api/predict                                                                      95     0(0.00%) |   1578     145    6714    950 |    8.00        0.00
GET      /api/status                                                                       13     0(0.00%) |   1734      16    5901   1400 |    1.33        0.00
--------|----------------------------------------------------------------------------|-------|-------------|-------|-------|-------|-------|--------|-----------
         Aggregated                                                                       108     0(0.00%) |   1597      16    6714   1000 |    9.33        0.00

Type     Name                                                                          # reqs      # fails |    Avg     Min     Max    Med |   req/s  failures/s
--------|----------------------------------------------------------------------------|-------|-------------|-------|-------|-------|-------|--------|-----------
POST     /api/predict                                                                     107     0(0.00%) |   1802     145    8120   1200 |    8.90        0.00
GET      /api/status                                                                       16     0(0.00%) |   1768      16    5901   1400 |    1.30        0.00
--------|----------------------------------------------------------------------------|-------|-------------|-------|-------|-------|-------|--------|-----------
         Aggregated                                                                       123     0(0.00%) |   1798      16    8120   1200 |   10.20        0.00

Type     Name                                                                          # reqs      # fails |    Avg     Min     Max    Med |   req/s  failures/s
--------|----------------------------------------------------------------------------|-------|-------------|-------|-------|-------|-------|--------|-----------
POST     /api/predict                                                                     119     0(0.00%) |   2240     145   10213   1400 |    8.80        0.00
GET      /api/status                                                                       17     0(0.00%) |   2270      16   10294   1400 |    1.30        0.00
--------|----------------------------------------------------------------------------|-------|-------------|-------|-------|-------|-------|--------|-----------
         Aggregated                                                                       136     0(0.00%) |   2244      16   10294   1400 |   10.10        0.00

Type     Name                                                                          # reqs      # fails |    Avg     Min     Max    Med |   req/s  failures/s
--------|----------------------------------------------------------------------------|-------|-------------|-------|-------|-------|-------|--------|-----------
POST     /api/predict                                                                     126     0(0.00%) |   2410     145   11503   1500 |    7.90        0.00
GET      /api/status                                                                       18     0(0.00%) |   2377      16   10294   1400 |    1.50        0.00
--------|----------------------------------------------------------------------------|-------|-------------|-------|-------|-------|-------|--------|-----------
         Aggregated                                                                       144     0(0.00%) |   2406      16   11503   1500 |    9.40        0.00

Type     Name                                                                          # reqs      # fails |    Avg     Min     Max    Med |   req/s  failures/s
--------|----------------------------------------------------------------------------|-------|-------------|-------|-------|-------|-------|--------|-----------
POST     /api/predict                                                                     132     0(0.00%) |   2613     145   13355   1500 |    5.80        0.00
GET      /api/status                                                                       19     0(0.00%) |   2936      16   12990   1400 |    0.70        0.00
--------|----------------------------------------------------------------------------|-------|-------------|-------|-------|-------|-------|--------|-----------
         Aggregated                                                                       151     0(0.00%) |   2653      16   13355   1500 |    6.50        0.00

Type     Name                                                                          # reqs      # fails |    Avg     Min     Max    Med |   req/s  failures/s
--------|----------------------------------------------------------------------------|-------|-------------|-------|-------|-------|-------|--------|-----------
POST     /api/predict                                                                     140     0(0.00%) |   3078     145   14483   1700 |    4.90        0.00
GET      /api/status                                                                       20     0(0.00%) |   3537      16   14963   1400 |    0.70        0.00
--------|----------------------------------------------------------------------------|-------|-------------|-------|-------|-------|-------|--------|-----------
         Aggregated                                                                       160     0(0.00%) |   3135      16   14963   1700 |    5.60        0.00

Type     Name                                                                          # reqs      # fails |    Avg     Min     Max    Med |   req/s  failures/s
--------|----------------------------------------------------------------------------|-------|-------------|-------|-------|-------|-------|--------|-----------
POST     /api/predict                                                                     143     0(0.00%) |   3224     145   14483   1900 |    4.70        0.00
GET      /api/status                                                                       21     0(0.00%) |   4034      16   14963   1500 |    0.70        0.00
--------|----------------------------------------------------------------------------|-------|-------------|-------|-------|-------|-------|--------|-----------
         Aggregated                                                                       164     0(0.00%) |   3328      16   14963   1800 |    5.40        0.00

Type     Name                                                                          # reqs      # fails |    Avg     Min     Max    Med |   req/s  failures/s
--------|----------------------------------------------------------------------------|-------|-------------|-------|-------|-------|-------|--------|-----------
POST     /api/predict                                                                     149     0(0.00%) |   3491     145   16665   1900 |    4.10        0.00
GET      /api/status                                                                       21     0(0.00%) |   4034      16   14963   1500 |    0.70        0.00
--------|----------------------------------------------------------------------------|-------|-------------|-------|-------|-------|-------|--------|-----------
         Aggregated                                                                       170     0(0.00%) |   3558      16   16665   1900 |    4.80        0.00

Type     Name                                                                          # reqs      # fails |    Avg     Min     Max    Med |   req/s  failures/s
--------|----------------------------------------------------------------------------|-------|-------------|-------|-------|-------|-------|--------|-----------
POST     /api/predict                                                                     161     0(0.00%) |   4130     145   17438   2000 |    3.00        0.00
GET      /api/status                                                                       22     0(0.00%) |   4682      16   18288   1500 |    0.40        0.00
--------|----------------------------------------------------------------------------|-------|-------------|-------|-------|-------|-------|--------|-----------
         Aggregated                                                                       183     0(0.00%) |   4196      16   18288   2000 |    3.40        0.00

Type     Name                                                                          # reqs      # fails |    Avg     Min     Max    Med |   req/s  failures/s
--------|----------------------------------------------------------------------------|-------|-------------|-------|-------|-------|-------|--------|-----------
POST     /api/predict                                                                     176     0(0.00%) |   4574     145   17438   2100 |    3.20        0.00
GET      /api/status                                                                       25     0(0.00%) |   6092      16   18547   2800 |    0.40        0.00
--------|----------------------------------------------------------------------------|-------|-------------|-------|-------|-------|-------|--------|-----------
         Aggregated                                                                       201     0(0.00%) |   4763      16   18547   2100 |    3.60        0.00

Type     Name                                                                          # reqs      # fails |    Avg     Min     Max    Med |   req/s  failures/s
--------|----------------------------------------------------------------------------|-------|-------------|-------|-------|-------|-------|--------|-----------
POST     /api/predict                                                                     196     0(0.00%) |   4870     145   17438   2300 |    4.30        0.00
GET      /api/status                                                                       26     0(0.00%) |   5859      16   18547   2400 |    0.50        0.00
--------|----------------------------------------------------------------------------|-------|-------------|-------|-------|-------|-------|--------|-----------
         Aggregated                                                                       222     0(0.00%) |   4985      16   18547   2300 |    4.80        0.00

Type     Name                                                                          # reqs      # fails |    Avg     Min     Max    Med |   req/s  failures/s
--------|----------------------------------------------------------------------------|-------|-------------|-------|-------|-------|-------|--------|-----------
POST     /api/predict                                                                     226     0(0.00%) |   4925     145   17438   2300 |    5.40        0.00
GET      /api/status                                                                       29     0(0.00%) |   6507      16   18547   2900 |    0.70        0.00
--------|----------------------------------------------------------------------------|-------|-------------|-------|-------|-------|-------|--------|-----------
         Aggregated                                                                       255     0(0.00%) |   5105      16   18547   2400 |    6.10        0.00

Type     Name                                                                          # reqs      # fails |    Avg     Min     Max    Med |   req/s  failures/s
--------|----------------------------------------------------------------------------|-------|-------------|-------|-------|-------|-------|--------|-----------
POST     /api/predict                                                                     255     0(0.00%) |   4682     145   17438   2300 |    7.90        0.00
GET      /api/status                                                                       30     0(0.00%) |   6600      16   18547   2900 |    0.80        0.00
--------|----------------------------------------------------------------------------|-------|-------------|-------|-------|-------|-------|--------|-----------
         Aggregated                                                                       285     0(0.00%) |   4884      16   18547   2400 |    8.70        0.00

Type     Name                                                                          # reqs      # fails |    Avg     Min     Max    Med |   req/s  failures/s
--------|----------------------------------------------------------------------------|-------|-------------|-------|-------|-------|-------|--------|-----------
POST     /api/predict                                                                     279     0(0.00%) |   4526     145   17438   2300 |   10.30        0.00
GET      /api/status                                                                       34     0(0.00%) |   6162      16   18547   2900 |    0.90        0.00
--------|----------------------------------------------------------------------------|-------|-------------|-------|-------|-------|-------|--------|-----------
         Aggregated                                                                       313     0(0.00%) |   4704      16   18547   2400 |   11.20        0.00

Type     Name                                                                          # reqs      # fails |    Avg     Min     Max    Med |   req/s  failures/s
--------|----------------------------------------------------------------------------|-------|-------------|-------|-------|-------|-------|--------|-----------
POST     /api/predict                                                                     304     0(0.00%) |   4329     145   17438   2100 |   11.60        0.00
GET      /api/status                                                                       39     0(0.00%) |   5829      16   18547   4200 |    1.20        0.00
--------|----------------------------------------------------------------------------|-------|-------------|-------|-------|-------|-------|--------|-----------
         Aggregated                                                                       343     0(0.00%) |   4500      16   18547   2300 |   12.80        0.00

Type     Name                                                                          # reqs      # fails |    Avg     Min     Max    Med |   req/s  failures/s
--------|----------------------------------------------------------------------------|-------|-------------|-------|-------|-------|-------|--------|-----------
POST     /api/predict                                                                     323     0(0.00%) |   4175     145   17438   2100 |   12.80        0.00
GET      /api/status                                                                       43     0(0.00%) |   5593      16   18547   4000 |    1.30        0.00
--------|----------------------------------------------------------------------------|-------|-------------|-------|-------|-------|-------|--------|-----------
         Aggregated                                                                       366     0(0.00%) |   4341      16   18547   2300 |   14.10        0.00

Type     Name                                                                          # reqs      # fails |    Avg     Min     Max    Med |   req/s  failures/s
--------|----------------------------------------------------------------------------|-------|-------------|-------|-------|-------|-------|--------|-----------
POST     /api/predict                                                                     329     0(0.00%) |   4146     145   17438   2100 |   12.70        0.00
GET      /api/status                                                                       43     0(0.00%) |   5593      16   18547   4000 |    1.40        0.00
--------|----------------------------------------------------------------------------|-------|-------------|-------|-------|-------|-------|--------|-----------
         Aggregated                                                                       372     0(0.00%) |   4313      16   18547   2300 |   14.10        0.00

Type     Name                                                                          # reqs      # fails |    Avg     Min     Max    Med |   req/s  failures/s
--------|----------------------------------------------------------------------------|-------|-------------|-------|-------|-------|-------|--------|-----------
POST     /api/predict                                                                     339     0(0.00%) |   4119     145   17438   2300 |   10.70        0.00
GET      /api/status                                                                       44     0(0.00%) |   5543      16   18547   3400 |    1.40        0.00
--------|----------------------------------------------------------------------------|-------|-------------|-------|-------|-------|-------|--------|-----------
         Aggregated                                                                       383     0(0.00%) |   4282      16   18547   2300 |   12.10        0.00

Type     Name                                                                          # reqs      # fails |    Avg     Min     Max    Med |   req/s  failures/s
--------|----------------------------------------------------------------------------|-------|-------------|-------|-------|-------|-------|--------|-----------
POST     /api/predict                                                                     358     0(0.00%) |   4060     136   17438   2300 |    8.40        0.00
GET      /api/status                                                                       47     0(0.00%) |   5323      11   18547   3400 |    1.40        0.00
--------|----------------------------------------------------------------------------|-------|-------------|-------|-------|-------|-------|--------|-----------
         Aggregated                                                                       405     0(0.00%) |   4207      11   18547   2300 |    9.80        0.00

Type     Name                                                                          # reqs      # fails |    Avg     Min     Max    Med |   req/s  failures/s
--------|----------------------------------------------------------------------------|-------|-------------|-------|-------|-------|-------|--------|-----------
POST     /api/predict                                                                     374     0(0.00%) |   3908     135   17438   2000 |    8.10        0.00
GET      /api/status                                                                       47     0(0.00%) |   5323      11   18547   3400 |    1.20        0.00
--------|----------------------------------------------------------------------------|-------|-------------|-------|-------|-------|-------|--------|-----------
         Aggregated                                                                       421     0(0.00%) |   4066      11   18547   2100 |    9.30        0.00

Type     Name                                                                          # reqs      # fails |    Avg     Min     Max    Med |   req/s  failures/s
--------|----------------------------------------------------------------------------|-------|-------------|-------|-------|-------|-------|--------|-----------
POST     /api/predict                                                                     383     0(0.00%) |   3830     135   17438   1900 |    7.50        0.00
GET      /api/status                                                                       49     0(0.00%) |   5119      11   18547   2900 |    1.10        0.00
--------|----------------------------------------------------------------------------|-------|-------------|-------|-------|-------|-------|--------|-----------
         Aggregated                                                                       432     0(0.00%) |   3976      11   18547   2000 |    8.60        0.00

Type     Name                                                                          # reqs      # fails |    Avg     Min     Max    Med |   req/s  failures/s
--------|----------------------------------------------------------------------------|-------|-------------|-------|-------|-------|-------|--------|-----------
POST     /api/predict                                                                     390     0(0.00%) |   3771     135   17438   1800 |    6.30        0.00
GET      /api/status                                                                       49     0(0.00%) |   5119      11   18547   2900 |    0.70        0.00
--------|----------------------------------------------------------------------------|-------|-------------|-------|-------|-------|-------|--------|-----------
         Aggregated                                                                       439     0(0.00%) |   3921      11   18547   1900 |    7.00        0.00

Type     Name                                                                          # reqs      # fails |    Avg     Min     Max    Med |   req/s  failures/s
--------|----------------------------------------------------------------------------|-------|-------------|-------|-------|-------|-------|--------|-----------
POST     /api/predict                                                                     411     0(0.00%) |   3991     135   21649   1700 |    6.00        0.00
GET      /api/status                                                                       53     0(0.00%) |   6383      11   22411   4000 |    0.60        0.00
--------|----------------------------------------------------------------------------|-------|-------------|-------|-------|-------|-------|--------|-----------
         Aggregated                                                                       464     0(0.00%) |   4264      11   22411   1900 |    6.60        0.00

Type     Name                                                                          # reqs      # fails |    Avg     Min     Max    Med |   req/s  failures/s
--------|----------------------------------------------------------------------------|-------|-------------|-------|-------|-------|-------|--------|-----------
POST     /api/predict                                                                     445     0(0.00%) |   4104     135   21649   1500 |    6.90        0.00
GET      /api/status                                                                       59     0(0.00%) |   6836      11   22411   4000 |    0.90        0.00
--------|----------------------------------------------------------------------------|-------|-------------|-------|-------|-------|-------|--------|-----------
         Aggregated                                                                       504     0(0.00%) |   4424      11   22411   1700 |    7.80        0.00

Type     Name                                                                          # reqs      # fails |    Avg     Min     Max    Med |   req/s  failures/s
--------|----------------------------------------------------------------------------|-------|-------------|-------|-------|-------|-------|--------|-----------
POST     /api/predict                                                                     481     0(0.00%) |   4119     135   21649   1400 |    8.40        0.00
GET      /api/status                                                                       62     0(0.00%) |   6524      11   22411   2900 |    1.30        0.00
--------|----------------------------------------------------------------------------|-------|-------------|-------|-------|-------|-------|--------|-----------
         Aggregated                                                                       543     0(0.00%) |   4393      11   22411   1500 |    9.70        0.00

Type     Name                                                                          # reqs      # fails |    Avg     Min     Max    Med |   req/s  failures/s
--------|----------------------------------------------------------------------------|-------|-------------|-------|-------|-------|-------|--------|-----------
POST     /api/predict                                                                     502     0(0.00%) |   4140     135   21649   1300 |   10.30        0.00
GET      /api/status                                                                       63     0(0.00%) |   6661      11   22411   3400 |    1.40        0.00
--------|----------------------------------------------------------------------------|-------|-------------|-------|-------|-------|-------|--------|-----------
         Aggregated                                                                       565     0(0.00%) |   4421      11   22411   1400 |   11.70        0.00

Type     Name                                                                          # reqs      # fails |    Avg     Min     Max    Med |   req/s  failures/s
--------|----------------------------------------------------------------------------|-------|-------------|-------|-------|-------|-------|--------|-----------
POST     /api/predict                                                                     514     0(0.00%) |   4177     135   21649   1300 |   11.60        0.00
GET      /api/status                                                                       64     0(0.00%) |   6579      11   22411   2900 |    1.40        0.00
--------|----------------------------------------------------------------------------|-------|-------------|-------|-------|-------|-------|--------|-----------
         Aggregated                                                                       578     0(0.00%) |   4443      11   22411   1400 |   13.00        0.00

Type     Name                                                                          # reqs      # fails |    Avg     Min     Max    Med |   req/s  failures/s
--------|----------------------------------------------------------------------------|-------|-------------|-------|-------|-------|-------|--------|-----------
POST     /api/predict                                                                     524     0(0.00%) |   4222     135   21649   1400 |   12.30        0.00
GET      /api/status                                                                       66     0(0.00%) |   6632      11   22411   2900 |    1.50        0.00
--------|----------------------------------------------------------------------------|-------|-------------|-------|-------|-------|-------|--------|-----------
         Aggregated                                                                       590     0(0.00%) |   4491      11   22411   1500 |   13.80        0.00

Type     Name                                                                          # reqs      # fails |    Avg     Min     Max    Med |   req/s  failures/s
--------|----------------------------------------------------------------------------|-------|-------------|-------|-------|-------|-------|--------|-----------
POST     /api/predict                                                                     538     0(0.00%) |   4224     135   21649   1500 |   11.70        0.00
GET      /api/status                                                                       66     0(0.00%) |   6632      11   22411   2900 |    1.30        0.00
--------|----------------------------------------------------------------------------|-------|-------------|-------|-------|-------|-------|--------|-----------
         Aggregated                                                                       604     0(0.00%) |   4487      11   22411   1500 |   13.00        0.00

Type     Name                                                                          # reqs      # fails |    Avg     Min     Max    Med |   req/s  failures/s
--------|----------------------------------------------------------------------------|-------|-------------|-------|-------|-------|-------|--------|-----------
POST     /api/predict                                                                     566     0(0.00%) |   4213     135   21649   1400 |    9.50        0.00
GET      /api/status                                                                       68     0(0.00%) |   6664      11   22411   2900 |    0.70        0.00
--------|----------------------------------------------------------------------------|-------|-------------|-------|-------|-------|-------|--------|-----------
         Aggregated                                                                       634     0(0.00%) |   4476      11   22411   1500 |   10.20        0.00

Type     Name                                                                          # reqs      # fails |    Avg     Min     Max    Med |   req/s  failures/s
--------|----------------------------------------------------------------------------|-------|-------------|-------|-------|-------|-------|--------|-----------
POST     /api/predict                                                                     593     0(0.00%) |   4192     135   21649   1300 |    8.50        0.00
GET      /api/status                                                                       71     0(0.00%) |   6609      11   22411   2900 |    0.60        0.00
--------|----------------------------------------------------------------------------|-------|-------------|-------|-------|-------|-------|--------|-----------
         Aggregated                                                                       664     0(0.00%) |   4450      11   22411   1400 |    9.10        0.00

Type     Name                                                                          # reqs      # fails |    Avg     Min     Max    Med |   req/s  failures/s
--------|----------------------------------------------------------------------------|-------|-------------|-------|-------|-------|-------|--------|-----------
POST     /api/predict                                                                     626     0(0.00%) |   4160     135   21649   1200 |    8.90        0.00
GET      /api/status                                                                       72     0(0.00%) |   6702      11   22411   2900 |    0.80        0.00
--------|----------------------------------------------------------------------------|-------|-------------|-------|-------|-------|-------|--------|-----------
         Aggregated                                                                       698     0(0.00%) |   4422      11   22411   1300 |    9.70        0.00

Type     Name                                                                          # reqs      # fails |    Avg     Min     Max    Med |   req/s  failures/s
--------|----------------------------------------------------------------------------|-------|-------------|-------|-------|-------|-------|--------|-----------
POST     /api/predict                                                                     662     0(0.00%) |   4134     135   21649   1100 |   10.90        0.00
GET      /api/status                                                                       74     0(0.00%) |   6684      11   22411   2900 |    0.80        0.00
--------|----------------------------------------------------------------------------|-------|-------------|-------|-------|-------|-------|--------|-----------
         Aggregated                                                                       736     0(0.00%) |   4391      11   22411   1300 |   11.70        0.00

Type     Name                                                                          # reqs      # fails |    Avg     Min     Max    Med |   req/s  failures/s
--------|----------------------------------------------------------------------------|-------|-------------|-------|-------|-------|-------|--------|-----------
POST     /api/predict                                                                     697     0(0.00%) |   4051     135   21649   1100 |   13.40        0.00
GET      /api/status                                                                       78     0(0.00%) |   6517      11   22411   2800 |    0.70        0.00
--------|----------------------------------------------------------------------------|-------|-------------|-------|-------|-------|-------|--------|-----------
         Aggregated                                                                       775     0(0.00%) |   4300      11   22411   1300 |   14.10        0.00

Type     Name                                                                          # reqs      # fails |    Avg     Min     Max    Med |   req/s  failures/s
--------|----------------------------------------------------------------------------|-------|-------------|-------|-------|-------|-------|--------|-----------
POST     /api/predict                                                                     730     0(0.00%) |   3985     135   21649   1100 |   15.70        0.00
GET      /api/status                                                                       80     0(0.00%) |   6472      11   22411   2800 |    1.20        0.00
--------|----------------------------------------------------------------------------|-------|-------------|-------|-------|-------|-------|--------|-----------
         Aggregated                                                                       810     0(0.00%) |   4231      11   22411   1200 |   16.90        0.00

Type     Name                                                                          # reqs      # fails |    Avg     Min     Max    Med |   req/s  failures/s
--------|----------------------------------------------------------------------------|-------|-------------|-------|-------|-------|-------|--------|-----------
POST     /api/predict                                                                     751     0(0.00%) |   3943     135   21649   1200 |   16.50        0.00
GET      /api/status                                                                       82     0(0.00%) |   6359      11   22411   2700 |    1.30        0.00
--------|----------------------------------------------------------------------------|-------|-------------|-------|-------|-------|-------|--------|-----------
         Aggregated                                                                       833     0(0.00%) |   4181      11   22411   1300 |   17.80        0.00

Type     Name                                                                          # reqs      # fails |    Avg     Min     Max    Med |   req/s  failures/s
--------|----------------------------------------------------------------------------|-------|-------------|-------|-------|-------|-------|--------|-----------
POST     /api/predict                                                                     761     0(0.00%) |   3957     135   21649   1200 |   16.10        0.00
GET      /api/status                                                                       83     0(0.00%) |   6397      11   22411   2800 |    1.10        0.00
--------|----------------------------------------------------------------------------|-------|-------------|-------|-------|-------|-------|--------|-----------
         Aggregated                                                                       844     0(0.00%) |   4196      11   22411   1300 |   17.20        0.00

Type     Name                                                                          # reqs      # fails |    Avg     Min     Max    Med |   req/s  failures/s
--------|----------------------------------------------------------------------------|-------|-------------|-------|-------|-------|-------|--------|-----------
POST     /api/predict                                                                     772     0(0.00%) |   3970     135   21649   1200 |   13.80        0.00
GET      /api/status                                                                       84     0(0.00%) |   6369      11   22411   2800 |    1.00        0.00
--------|----------------------------------------------------------------------------|-------|-------------|-------|-------|-------|-------|--------|-----------
         Aggregated                                                                       856     0(0.00%) |   4205      11   22411   1400 |   14.80        0.00

Type     Name                                                                          # reqs      # fails |    Avg     Min     Max    Med |   req/s  failures/s
--------|----------------------------------------------------------------------------|-------|-------------|-------|-------|-------|-------|--------|-----------
POST     /api/predict                                                                     789     0(0.00%) |   4010     135   21649   1300 |   11.40        0.00
GET      /api/status                                                                       85     0(0.00%) |   6363      11   22411   2900 |    1.10        0.00
--------|----------------------------------------------------------------------------|-------|-------------|-------|-------|-------|-------|--------|-----------
         Aggregated                                                                       874     0(0.00%) |   4239      11   22411   1400 |   12.50        0.00

Type     Name                                                                          # reqs      # fails |    Avg     Min     Max    Med |   req/s  failures/s
--------|----------------------------------------------------------------------------|-------|-------------|-------|-------|-------|-------|--------|-----------
POST     /api/predict                                                                     801     0(0.00%) |   4021     135   21649   1300 |    9.60        0.00
GET      /api/status                                                                       86     0(0.00%) |   6345      11   22411   2900 |    0.70        0.00
--------|----------------------------------------------------------------------------|-------|-------------|-------|-------|-------|-------|--------|-----------
         Aggregated                                                                       887     0(0.00%) |   4246      11   22411   1500 |   10.30        0.00

Type     Name                                                                          # reqs      # fails |    Avg     Min     Max    Med |   req/s  failures/s
--------|----------------------------------------------------------------------------|-------|-------------|-------|-------|-------|-------|--------|-----------
POST     /api/predict                                                                     814     0(0.00%) |   4052     135   21649   1400 |    7.30        0.00
GET      /api/status                                                                       86     0(0.00%) |   6345      11   22411   2900 |    0.50        0.00
--------|----------------------------------------------------------------------------|-------|-------------|-------|-------|-------|-------|--------|-----------
         Aggregated                                                                       900     0(0.00%) |   4271      11   22411   1500 |    7.80        0.00

Type     Name                                                                          # reqs      # fails |    Avg     Min     Max    Med |   req/s  failures/s
--------|----------------------------------------------------------------------------|-------|-------------|-------|-------|-------|-------|--------|-----------
POST     /api/predict                                                                     828     0(0.00%) |   4080     135   21649   1500 |    6.40        0.00
GET      /api/status                                                                       89     0(0.00%) |   6413      11   22411   4000 |    0.40        0.00
--------|----------------------------------------------------------------------------|-------|-------------|-------|-------|-------|-------|--------|-----------
         Aggregated                                                                       917     0(0.00%) |   4306      11   22411   1600 |    6.80        0.00

Type     Name                                                                          # reqs      # fails |    Avg     Min     Max    Med |   req/s  failures/s
--------|----------------------------------------------------------------------------|-------|-------------|-------|-------|-------|-------|--------|-----------
POST     /api/predict                                                                     836     0(0.00%) |   4111     135   21649   1500 |    6.50        0.00
GET      /api/status                                                                       90     0(0.00%) |   6526      11   22411   4000 |    0.70        0.00
--------|----------------------------------------------------------------------------|-------|-------------|-------|-------|-------|-------|--------|-----------
         Aggregated                                                                       926     0(0.00%) |   4346      11   22411   1600 |    7.20        0.00

Type     Name                                                                          # reqs      # fails |    Avg     Min     Max    Med |   req/s  failures/s
--------|----------------------------------------------------------------------------|-------|-------------|-------|-------|-------|-------|--------|-----------
POST     /api/predict                                                                     853     0(0.00%) |   4162     135   21649   1600 |    6.50        0.00
GET      /api/status                                                                       94     0(0.00%) |   6619      11   22411   4200 |    0.60        0.00
--------|----------------------------------------------------------------------------|-------|-------------|-------|-------|-------|-------|--------|-----------
         Aggregated                                                                       947     0(0.00%) |   4406      11   22411   1700 |    7.10        0.00

Type     Name                                                                          # reqs      # fails |    Avg     Min     Max    Med |   req/s  failures/s
--------|----------------------------------------------------------------------------|-------|-------------|-------|-------|-------|-------|--------|-----------
POST     /api/predict                                                                     876     0(0.00%) |   4188     135   21649   1600 |    6.20        0.00
GET      /api/status                                                                       97     0(0.00%) |   6638      11   22411   4200 |    0.80        0.00
--------|----------------------------------------------------------------------------|-------|-------------|-------|-------|-------|-------|--------|-----------
         Aggregated                                                                       973     0(0.00%) |   4432      11   22411   1800 |    7.00        0.00

Type     Name                                                                          # reqs      # fails |    Avg     Min     Max    Med |   req/s  failures/s
--------|----------------------------------------------------------------------------|-------|-------------|-------|-------|-------|-------|--------|-----------
POST     /api/predict                                                                     899     0(0.00%) |   4208     135   21649   1700 |    7.50        0.00
GET      /api/status                                                                      100     0(0.00%) |   6481      11   22411   4100 |    1.20        0.00
--------|----------------------------------------------------------------------------|-------|-------------|-------|-------|-------|-------|--------|-----------
         Aggregated                                                                       999     0(0.00%) |   4436      11   22411   1900 |    8.70        0.00

Type     Name                                                                          # reqs      # fails |    Avg     Min     Max    Med |   req/s  failures/s
--------|----------------------------------------------------------------------------|-------|-------------|-------|-------|-------|-------|--------|-----------
POST     /api/predict                                                                     932     0(0.00%) |   4192     135   21649   1800 |    8.40        0.00
GET      /api/status                                                                      103     0(0.00%) |   6509      11   22411   4200 |    1.20        0.00
--------|----------------------------------------------------------------------------|-------|-------------|-------|-------|-------|-------|--------|-----------
         Aggregated                                                                      1035     0(0.00%) |   4423      11   22411   2000 |    9.60        0.00

Type     Name                                                                          # reqs      # fails |    Avg     Min     Max    Med |   req/s  failures/s
--------|----------------------------------------------------------------------------|-------|-------------|-------|-------|-------|-------|--------|-----------
POST     /api/predict                                                                     968     0(0.00%) |   4131     135   21649   1800 |   10.10        0.00
GET      /api/status                                                                      110     0(0.00%) |   6269      11   22411   4000 |    1.20        0.00
--------|----------------------------------------------------------------------------|-------|-------------|-------|-------|-------|-------|--------|-----------
         Aggregated                                                                      1078     0(0.00%) |   4349      11   22411   1900 |   11.30        0.00

Type     Name                                                                          # reqs      # fails |    Avg     Min     Max    Med |   req/s  failures/s
--------|----------------------------------------------------------------------------|-------|-------------|-------|-------|-------|-------|--------|-----------
POST     /api/predict                                                                     983     0(0.00%) |   4112     135   21649   1800 |   12.50        0.00
GET      /api/status                                                                      111     0(0.00%) |   6238      11   22411   4000 |    1.90        0.00
--------|----------------------------------------------------------------------------|-------|-------------|-------|-------|-------|-------|--------|-----------
         Aggregated                                                                      1094     0(0.00%) |   4328      11   22411   1900 |   14.40        0.00

Type     Name                                                                          # reqs      # fails |    Avg     Min     Max    Med |   req/s  failures/s
--------|----------------------------------------------------------------------------|-------|-------------|-------|-------|-------|-------|--------|-----------
POST     /api/predict                                                                    1006     0(0.00%) |   4094     135   21649   1800 |   13.20        0.00
GET      /api/status                                                                      113     0(0.00%) |   6162      11   22411   3800 |    1.80        0.00
--------|----------------------------------------------------------------------------|-------|-------------|-------|-------|-------|-------|--------|-----------
         Aggregated                                                                      1119     0(0.00%) |   4303      11   22411   2000 |   15.00        0.00

Type     Name                                                                          # reqs      # fails |    Avg     Min     Max    Med |   req/s  failures/s
--------|----------------------------------------------------------------------------|-------|-------------|-------|-------|-------|-------|--------|-----------
POST     /api/predict                                                                    1036     0(0.00%) |   4071     135   21649   1800 |   12.80        0.00
GET      /api/status                                                                      116     0(0.00%) |   6133      11   22411   3800 |    1.60        0.00
--------|----------------------------------------------------------------------------|-------|-------------|-------|-------|-------|-------|--------|-----------
         Aggregated                                                                      1152     0(0.00%) |   4279      11   22411   2000 |   14.40        0.00

Type     Name                                                                          # reqs      # fails |    Avg     Min     Max    Med |   req/s  failures/s
--------|----------------------------------------------------------------------------|-------|-------------|-------|-------|-------|-------|--------|-----------
POST     /api/predict                                                                    1069     0(0.00%) |   4050     135   21649   1800 |   13.10        0.00
GET      /api/status                                                                      119     0(0.00%) |   6048      11   22411   3800 |    1.60        0.00
--------|----------------------------------------------------------------------------|-------|-------------|-------|-------|-------|-------|--------|-----------
         Aggregated                                                                      1188     0(0.00%) |   4250      11   22411   2000 |   14.70        0.00

Type     Name                                                                          # reqs      # fails |    Avg     Min     Max    Med |   req/s  failures/s
--------|----------------------------------------------------------------------------|-------|-------------|-------|-------|-------|-------|--------|-----------
POST     /api/predict                                                                    1105     0(0.00%) |   4000     135   21649   1900 |   13.70        0.00
GET      /api/status                                                                      124     0(0.00%) |   5901      11   22411   3400 |    1.80        0.00
--------|----------------------------------------------------------------------------|-------|-------------|-------|-------|-------|-------|--------|-----------
         Aggregated                                                                      1229     0(0.00%) |   4192      11   22411   2000 |   15.50        0.00

Type     Name                                                                          # reqs      # fails |    Avg     Min     Max    Med |   req/s  failures/s
--------|----------------------------------------------------------------------------|-------|-------------|-------|-------|-------|-------|--------|-----------
POST     /api/predict                                                                    1137     0(0.00%) |   3932     135   21649   1800 |   13.60        0.00
GET      /api/status                                                                      128     0(0.00%) |   5799      11   22411   3400 |    1.40        0.00
--------|----------------------------------------------------------------------------|-------|-------------|-------|-------|-------|-------|--------|-----------
         Aggregated                                                                      1265     0(0.00%) |   4121      11   22411   1900 |   15.00        0.00

[2026-07-28 10:14:06,898] Treasure-dell/INFO/locust.main: --run-time limit reached, shutting down
Type     Name                                                                          # reqs      # fails |    Avg     Min     Max    Med |   req/s  failures/s
--------|----------------------------------------------------------------------------|-------|-------------|-------|-------|-------|-------|--------|-----------
POST     /api/predict                                                                    1152     0(0.00%) |   3901     135   21649   1800 |   14.00        0.00
GET      /api/status                                                                      128     0(0.00%) |   5799      11   22411   3400 |    1.60        0.00
--------|----------------------------------------------------------------------------|-------|-------------|-------|-------|-------|-------|--------|-----------
         Aggregated                                                                      1280     0(0.00%) |   4091      11   22411   1900 |   15.60        0.00

[2026-07-28 10:14:12,451] Treasure-dell/INFO/locust.main: Shutting down (exit code 0)
Type     Name                                                                          # reqs      # fails |    Avg     Min     Max    Med |   req/s  failures/s
--------|----------------------------------------------------------------------------|-------|-------------|-------|-------|-------|-------|--------|-----------
POST     /api/predict                                                                    1173     0(0.00%) |   3956     135   21649   1900 |    9.37        0.00
GET      /api/status                                                                      129     0(0.00%) |   5827      11   22411   3700 |    1.03        0.00
--------|----------------------------------------------------------------------------|-------|-------------|-------|-------|-------|-------|--------|-----------
         Aggregated                                                                      1302     0(0.00%) |   4141      11   22411   2000 |   10.40        0.00

Response time percentiles (approximated)
Type     Name                                                                                  50%    66%    75%    80%    90%    95%    98%    99%  99.9% 99.99%   100% # reqs
--------|--------------------------------------------------------------------------------|--------|------|------|------|------|------|------|------|------|------|------|------
POST     /api/predict                                                                         1900   3900   5400   6700  12000  14000  17000  20000  21000  22000  22000   1173
GET      /api/status                                                                          3700   5900   9000  12000  16000  21000  22000  22000  22000  22000  22000    129
--------|--------------------------------------------------------------------------------|--------|------|------|------|------|------|------|------|------|------|------|------
         Aggregated                                                                           2000   4100   5800   6900  12000  15000  17000  20000  22000  22000  22000   1302

=== Done: 4 replica(s) ===

Summary:
--- 1 replica(s) ---
Type  Name          Request Count  Failure Count  Median Response Time  Average Response Time  Min Response Time   Max Response Time   Average Content Size  Requests/s          Failures/s  50%   66%   75%   80%   90%   95%    98%    99%    99.9%  99.99%  100%
POST  /api/predict  881            0              4900.0                5439.465677508596      1133.038697997108   16985.81609899702   176.35300794551645    7.395938410536326   0.0         4900  5100  5300  5400  7600  12000  17000  17000  17000  17000   17000
GET   /api/status   94             0              5200.0                5617.514675116678      1422.3792589909863  17247.362940004678  424.75531914893617    0.7891239620776557  0.0         5200  5400  5500  5600  6900  14000  17000  17000  17000  17000   17000
--- 2 replica(s) ---
Type  Name          Request Count  Failure Count  Median Response Time  Average Response Time  Min Response Time   Max Response Time   Average Content Size  Requests/s          Failures/s  50%   66%   75%   80%   90%   95%   98%    99%    99.9%  99.99%  100%
POST  /api/predict  1483           0              2500.0                2822.72061144589       107.46958800882567  12229.076026997063  176.75387727579232    12.535428759472657  0.0         2500  3200  3900  4500  5200  6100  11000  12000  12000  12000   12000
GET   /api/status   189            0              3000.0                3328.74897052942       10.671675991034135  13979.024201995344  427.4920634920635     1.5975698149294215  0.0         3000  3500  4000  4700  5500  6400  12000  14000  14000  14000   14000
--- 4 replica(s) ---
Type  Name          Request Count  Failure Count  Median Response Time  Average Response Time  Min Response Time   Max Response Time   Average Content Size  Requests/s          Failures/s  50%   66%   75%   80%    90%    95%    98%    99%    99.9%  99.99%  100%
POST  /api/predict  1152           0              1800.0                3901.5254282490882     135.44817100046203  21649.209877999965  176.79513888888889    9.637976039679966   0.0         1800  3700  5100  6500   12000  14000  17000  20000  21000  22000   22000
GET   /api/status   128            0              3400.0                5799.35401455441       11.182930989889428  22411.39297898917   427.7421875           1.0708862266311074  0.0         3700  5700  9000  12000  16000  21000  22000  22000  22000  22000   22000
